User,CouponCode,category,Redeemed,CouponDiscount,MinAmountSpend,Company
60-7381094,WWK7714,Baby,TRUE,42,6134,Avavee
29-4802789,ZFL0156,Clothing,FALSE,43,4479,Yodel
33-3805553,XFU2936,Health,TRUE,23,7586,Midel
47-3745980,ESE9831,Sports,FALSE,41,299,Browsezoom
09-4324019,IRX0703,Books,FALSE,31,4020,Oloo
20-9486613,CWM8141,Outdoors,TRUE,27,5474,Blogtag
11-2919051,CMC3684,Outdoors,FALSE,23,7925,Blogspan
44-3640154,EZX3281,Beauty,FALSE,49,9788,Yata
66-0288128,BJP5441,Sports,TRUE,11,1291,Brightdog
56-5397915,WRT0906,Shoes,TRUE,16,9393,Plambee
41-1918918,ZIW2948,Baby,TRUE,26,2413,Abata
44-2434184,HBQ6833,Industrial,FALSE,13,9481,Trudoo
35-5853262,MDZ4918,Books,FALSE,23,3025,Avaveo
42-6446183,OJA4732,Tools,TRUE,31,5779,Twiyo
67-6555949,YIJ3714,Tools,FALSE,41,665,Twitterworks
07-4671524,LXG1182,Books,FALSE,47,6492,Cogibox
40-6769544,GZV4793,Beauty,FALSE,21,3589,Bubbletube
18-4531012,SEY1004,Automotive,TRUE,43,1941,Aibox
18-1881247,FLD0813,Industrial,TRUE,43,7561,Aivee
16-5808169,MHI1670,Outdoors,FALSE,12,2881,Chatterbridge
42-2149777,KIN3874,Toys,FALSE,30,774,Feedbug
17-3258351,VFW7561,Baby,FALSE,16,4948,Linkbuzz
27-9869738,YYK7336,Books,TRUE,32,8385,Flashdog
84-3371811,RDK6548,Health,TRUE,25,2668,Youtags
08-6961570,XIZ3104,Movies,TRUE,43,1126,Shufflester
34-7657848,EZL3795,Music,TRUE,11,7128,Twitterwire
35-8576238,ODP1287,Health,FALSE,16,3198,Centimia
39-4537723,DCF6261,Games,TRUE,37,444,Vitz
00-9089939,UOZ2132,Shoes,FALSE,38,7990,Lazzy
46-0982936,WTA3339,Movies,TRUE,14,8405,Jayo
04-3339897,CEB4124,Computers,FALSE,42,3961,Gevee
88-7768504,PYS8635,Toys,TRUE,36,4080,Buzzshare
29-5197684,MJX7087,Games,FALSE,10,8995,Vinder
52-5668063,HAG4640,Computers,TRUE,34,286,Latz
15-1612868,FOM1631,Baby,FALSE,19,6497,Dabfeed
18-3375409,GJE9143,Grocery,FALSE,25,2886,Topiclounge
83-2708471,FYY1882,Beauty,TRUE,15,2229,Kayveo
47-5351162,CTE4383,Kids,FALSE,43,691,Skipfire
73-0474731,ZAO8778,Books,TRUE,12,5103,Youtags
96-6788545,MRO5916,Garden,TRUE,49,280,Photobean
41-5903646,PUI9704,Outdoors,FALSE,16,7126,Dazzlesphere
84-3953258,BEA9980,Kids,TRUE,17,9775,Latz
10-0326551,IHV2974,Movies,TRUE,25,963,Skyba
63-0293678,ORT2604,Baby,FALSE,14,8294,Skinder
17-9102301,XDA9810,Health,FALSE,12,639,Blogtags
26-6332648,WBA8361,Industrial,TRUE,45,2907,Shuffletag
10-8381142,LHN3976,Grocery,FALSE,40,2040,Realbuzz
29-2901220,QSW5434,Shoes,FALSE,31,8349,Camimbo
63-2276393,RLJ0476,Shoes,FALSE,50,1776,Aimbo
31-9252285,DUF7951,Shoes,FALSE,11,9905,Edgewire
20-3804823,SWB2029,Games,TRUE,43,9434,Linkbuzz
43-1443976,VAW2186,Sports,FALSE,16,2737,Pixoboo
18-8428476,HWW7518,Shoes,TRUE,38,5853,Gigazoom
96-5565645,YJX0302,Jewelry,TRUE,42,8598,Twinder
72-1890587,IWU1146,Garden,FALSE,15,8961,Digitube
02-2231897,NZR0137,Baby,FALSE,17,784,Wikizz
44-4240312,YBP1812,Shoes,TRUE,24,9827,Leexo
27-5002233,UOG7846,Music,TRUE,43,6474,Twitternation
75-1164403,GKP7387,Electronics,FALSE,33,2264,Eire
88-7122325,ABQ6599,Shoes,FALSE,15,1773,Meejo
15-6011570,TUG6489,Outdoors,FALSE,10,6913,Janyx
68-9631774,ABB9939,Beauty,TRUE,24,2373,Centizu
65-4304518,OGQ2898,Movies,TRUE,49,4459,Meembee
13-7570211,UUV1329,Grocery,FALSE,31,3073,Quimm
52-8294931,NIC9645,Tools,FALSE,10,7054,Izio
14-7565227,PTN6580,Beauty,FALSE,20,2760,Photobug
62-4400377,TVP1071,Tools,TRUE,33,7138,Oyoloo
17-0903575,ZGH4990,Electronics,FALSE,38,729,Trudoo
14-1118522,JQW0609,Tools,FALSE,21,7936,Janyx
44-7165006,UJB5564,Beauty,TRUE,34,3717,Npath
77-5359146,JTM2487,Kids,FALSE,39,1352,Wikizz
65-9810609,NXY2258,Industrial,FALSE,21,5178,Yata
06-1897291,RQL3636,Health,TRUE,44,5089,Kayveo
22-8147065,BGD8322,Shoes,TRUE,36,325,Twinder
92-5832058,MZG1694,Home,FALSE,43,8851,Wikido
66-4925371,PBL8787,Games,FALSE,34,9381,Flipstorm
43-2039179,ZCA3293,Games,TRUE,39,3131,Trilia
08-9769367,BOK8140,Beauty,TRUE,19,4413,Blogtags
94-3140565,GVX8890,Outdoors,FALSE,29,6206,Zazio
18-3113517,WGO3688,Movies,TRUE,38,7837,Twimm
08-7997801,QNA2345,Beauty,TRUE,19,8400,Minyx
54-2114650,GJN5069,Shoes,TRUE,26,6332,Jabbersphere
42-3728483,RZP9813,Computers,TRUE,17,7596,Edgetag
85-6534023,LGC5667,Electronics,FALSE,25,7807,Vidoo
11-0812400,OZZ4642,Outdoors,FALSE,15,3156,Zoovu
28-5376245,JDQ0022,Industrial,FALSE,29,3713,Plajo
33-1710618,AGY8114,Games,TRUE,50,9324,Twinte
20-0023364,VNW7657,Beauty,TRUE,39,3962,Brainbox
51-8686294,UZS0622,Computers,TRUE,35,9957,Zooxo
11-6788199,QVQ2004,Garden,TRUE,43,3686,Yakitri
03-1925396,CZZ7839,Home,FALSE,42,4884,Layo
07-6449049,DQU5887,Books,TRUE,18,4920,Bubblemix
63-2827827,YGC4130,Garden,TRUE,18,8177,Cogilith
86-4815731,UDB3602,Industrial,TRUE,14,6445,Linklinks
26-1096371,PWC8303,Jewelry,FALSE,39,8806,DabZ
99-2703025,OWN6228,Clothing,FALSE,16,4477,Mydo
16-1267191,BYT4409,Shoes,TRUE,28,430,Rhyzio
06-0975417,PFU7551,Books,TRUE,12,8398,Ntags
43-5777810,MSQ4564,Baby,TRUE,14,1057,Yoveo
29-2131276,CNT6207,Grocery,FALSE,33,546,Livetube
06-8414644,FXJ8926,Books,FALSE,44,5243,Meemm
04-3128297,NVV3721,Health,TRUE,26,779,Skilith
83-7477626,HDX2781,Health,FALSE,48,4691,Layo
23-5388545,UPY4110,Jewelry,FALSE,27,5992,Thoughtsphere
54-9717589,VNR0265,Music,FALSE,50,7816,Ntag
71-9909614,OJU0643,Electronics,FALSE,26,5214,Kayveo
62-7851935,ORB0950,Books,TRUE,48,3150,Kwimbee
14-3356681,SEI6725,Shoes,FALSE,50,848,Zoombox
25-8299545,TAA8007,Health,TRUE,22,1535,Jabbersphere
19-5887542,FMI5239,Games,FALSE,50,6075,Skiba
68-3240155,YQY7345,Tools,FALSE,40,2031,Mynte
19-6153494,LKY9981,Outdoors,TRUE,48,4147,Rhyloo
04-3824729,HHC5004,Home,TRUE,15,448,Wordpedia
87-4329494,RFD8088,Automotive,TRUE,15,3588,Centimia
81-4913605,BKZ0336,Automotive,FALSE,21,7115,Innojam
11-3366087,SFN1137,Health,FALSE,28,627,Realcube
68-8690802,RHU7931,Toys,FALSE,22,2753,Youtags
69-4499690,WLH3926,Computers,FALSE,29,2498,Agimba
68-0590959,QHV0188,Computers,FALSE,47,3316,Skippad
01-9449677,NQN9440,Baby,FALSE,47,9300,Gabvine
22-9744303,CLA6108,Movies,FALSE,24,5681,Vimbo
29-5033033,VOW5958,Electronics,FALSE,17,8606,Kwinu
64-9568292,INR5798,Health,FALSE,36,1403,Midel
98-3289201,ADV3521,Grocery,FALSE,29,1105,Skiptube
61-9470805,ZSL3029,Baby,TRUE,43,4857,Eare
02-9674714,BHO7644,Jewelry,TRUE,49,8156,Zoozzy
26-6493018,BML1257,Movies,TRUE,43,1449,Vinte
84-7998688,CDR2930,Beauty,TRUE,25,5857,Muxo
62-4374911,IYD8466,Kids,FALSE,30,4708,Blogpad
89-5837691,FQC5925,Outdoors,FALSE,42,9777,Dablist
74-8247009,OFJ2764,Industrial,TRUE,28,5726,Kazio
95-3640045,XZX4080,Outdoors,TRUE,31,2971,Realfire
79-5826040,PDF8593,Beauty,TRUE,26,3553,Buzzster
52-6031662,CIK3642,Outdoors,TRUE,38,9863,Kwideo
57-8674095,TTR6555,Music,TRUE,29,6246,Ooba
85-1657303,FXV0559,Industrial,FALSE,47,5500,Realblab
23-1189889,STD7344,Industrial,TRUE,26,8794,Skilith
62-6718012,EOG6621,Home,TRUE,27,4425,Jamia
21-3017613,ZFL9845,Grocery,FALSE,35,779,Realblab
14-0682450,AHR1241,Garden,TRUE,41,5561,Tazz
72-0722189,IXF0895,Health,FALSE,17,8086,Skajo
02-2290563,BFW8385,Kids,FALSE,16,9721,Katz
51-3587353,PNB1205,Beauty,FALSE,41,6698,Shuffledrive
45-5804375,NLJ0830,Garden,TRUE,34,7269,Tavu
06-1093052,BQC0340,Beauty,TRUE,33,2824,Trilith
53-4546804,XFP2129,Music,FALSE,28,3814,Trudeo
69-3821897,NFM6171,Home,FALSE,19,9441,Thoughtmix
67-0293630,DCE9029,Sports,TRUE,35,5418,Browsezoom
32-1647968,FYW3772,Health,FALSE,28,7774,Zazio
45-8931896,MBI6371,Industrial,TRUE,21,9539,Browseblab
07-1329508,LFB4635,Shoes,FALSE,17,6908,Realpoint
55-2582274,PXF0695,Shoes,FALSE,32,9796,Photofeed
86-0771315,XBF3891,Garden,FALSE,21,2942,Latz
38-1463153,ZTG2298,Grocery,FALSE,10,3062,Vitz
63-9108305,QSE1028,Books,TRUE,50,4466,Brightdog
99-4196932,VLW1820,Shoes,FALSE,44,9481,Lajo
54-1332911,HRB6644,Movies,FALSE,21,5400,Devify
59-3417287,PBA2262,Outdoors,TRUE,17,2264,Divavu
17-4198537,SJJ5070,Kids,FALSE,21,3639,Brightdog
95-0023440,WVO0168,Sports,TRUE,10,4689,Gigashots
86-5115699,BCC1190,Shoes,FALSE,28,1392,Realbuzz
25-1063762,FMV0439,Movies,TRUE,42,7167,Linklinks
54-2187105,AAV5216,Shoes,FALSE,28,5694,Jaloo
42-9067516,SEF3601,Grocery,TRUE,20,5343,Voonder
40-7853016,YEO4507,Outdoors,FALSE,12,6972,Pixoboo
35-5590121,AWE8500,Health,FALSE,10,1335,Skiba
12-4622535,HJT1738,Computers,TRUE,50,7129,Tanoodle
49-0267823,WTR3139,Outdoors,TRUE,34,4388,Kaymbo
22-1224690,XMT2957,Grocery,TRUE,24,5749,Blogtags
75-6001041,KFF8529,Outdoors,FALSE,43,3128,Eamia
88-8434491,OOG4305,Home,FALSE,50,5985,Browsecat
64-5006993,VZJ9078,Books,FALSE,20,2674,Camimbo
74-3698117,RAA3556,Home,FALSE,15,922,Oyonder
34-9010214,EDF8271,Grocery,FALSE,28,3481,Yacero
93-1971688,IFL5291,Electronics,TRUE,23,6166,Zazio
15-8700159,PJI8216,Health,TRUE,29,2451,Yamia
91-6560043,WFN1444,Electronics,FALSE,25,7840,Zoomcast
98-3214661,OFW4261,Toys,TRUE,30,4832,Rooxo
44-5382559,BRW4835,Clothing,FALSE,21,782,Jazzy
37-1124473,SAY9887,Baby,TRUE,34,3369,Feednation
29-9175953,DNF0847,Industrial,FALSE,33,6381,Yozio
65-9664097,BNC0485,Games,FALSE,21,3160,Edgewire
70-9960175,NNL7673,Baby,FALSE,30,5509,Skidoo
52-4296590,DXC7674,Movies,FALSE,47,7364,Jaxworks
88-8245181,WCP2990,Beauty,TRUE,50,9267,Edgetag
67-1382566,PDN0600,Kids,FALSE,38,8049,Katz
62-9073553,NDS7241,Home,FALSE,30,5073,Meembee
33-8207563,QVQ0106,Health,TRUE,17,6197,Jaxnation
36-4201419,ZEY3071,Kids,TRUE,48,8250,Jabbersphere
46-5319441,ZQN4812,Industrial,TRUE,23,799,Feedfish
92-7434838,ONU7855,Shoes,FALSE,38,8845,Wordware
57-6691186,ATU6656,Shoes,TRUE,32,8917,Skipfire
78-2776655,VSS8974,Games,TRUE,19,7338,Dabtype
68-2788731,IUG8515,Automotive,TRUE,30,2120,Skyble
69-3277173,CAG4087,Garden,TRUE,19,8628,Realcube
46-2829452,CCS6338,Automotive,FALSE,17,4407,LiveZ
31-1912341,VFT9490,Clothing,TRUE,42,4588,Meetz
96-7617912,GWC8652,Jewelry,TRUE,30,9531,InnoZ
09-6211062,VGD7176,Kids,TRUE,22,1272,Kazio
66-4686279,MEH8847,Computers,TRUE,40,7400,Dynabox
31-9799396,ISV4300,Jewelry,TRUE,38,8906,Chatterbridge
46-5738547,BAC4342,Electronics,FALSE,32,7890,Twimbo
55-5759454,ITI6311,Sports,FALSE,33,5598,Skynoodle
87-8972488,ZMA3242,Tools,FALSE,42,4022,Wikizz
10-2931298,NUM0172,Garden,TRUE,40,425,Browseblab
87-2632442,XOL6676,Toys,FALSE,36,7528,Brainbox
48-0421135,TEH1742,Shoes,FALSE,34,7794,Babbleblab
32-2357533,MPN4216,Industrial,TRUE,25,8104,Lazzy
78-4178547,AGH2464,Movies,TRUE,31,1461,Thoughtstorm
24-0446080,JJV3997,Electronics,TRUE,31,9135,Mybuzz
52-6138773,RLD9979,Clothing,FALSE,46,5058,Latz
58-2897305,SML0746,Beauty,TRUE,47,2473,Yombu
67-2597036,WZS2928,Games,TRUE,40,8162,Oloo
47-8299697,TEM6059,Baby,FALSE,37,7629,Zoomdog
87-3084964,RHP4586,Games,TRUE,50,2319,Fliptune
16-0754660,DRI0832,Games,TRUE,25,5237,Oloo
17-8982958,MJT4428,Beauty,FALSE,36,1542,Skippad
99-4253740,NWC9079,Jewelry,TRUE,47,7419,Zoombox
22-8008244,HDT7828,Tools,FALSE,37,985,Shuffletag
41-8642811,COJ9331,Outdoors,FALSE,41,8012,Dabshots
32-1675996,MOC7796,Electronics,FALSE,42,4103,Bluejam
83-5094369,ECO9492,Automotive,FALSE,39,4040,Zoonder
57-0745146,AOZ6757,Sports,FALSE,14,4623,Reallinks
03-6041528,SSM2032,Kids,TRUE,17,2051,Flashpoint
04-9019198,NDG7733,Movies,FALSE,43,6652,Yacero
99-9447337,NUJ7558,Jewelry,TRUE,24,2754,Gigabox
87-3616236,JFF7409,Computers,TRUE,18,3982,Realbridge
68-5071721,AZD3423,Grocery,FALSE,43,5739,Photolist
48-9377445,DTY9743,Clothing,FALSE,18,9528,Eamia
68-6674057,EDW8476,Music,TRUE,15,9335,Skipstorm
59-9101177,ZGX9332,Grocery,FALSE,32,8397,Rhycero
14-9474996,ISE3842,Health,TRUE,35,9763,Abatz
98-8136211,Jun-75,Sports,FALSE,29,3959,Oyoba
94-6492899,FKE1158,Movies,TRUE,41,8212,Dabtype
53-8803494,DNW5821,Music,TRUE,50,2796,Feedmix
86-8267630,NQK7938,Books,FALSE,38,9178,Twitternation
92-6155929,CIZ7906,Home,TRUE,49,5999,Thoughtblab
10-2167671,GXH1135,Movies,FALSE,21,8336,Mydo
29-7518492,WOR2617,Books,FALSE,42,2159,Flashspan
72-3079937,YAP8345,Garden,TRUE,24,7691,Ooba
35-2081911,GED6989,Shoes,TRUE,25,7837,Zoomdog
61-1132240,HBB8400,Sports,TRUE,18,2959,Yacero
95-5025169,VER6346,Sports,FALSE,50,9053,Trudoo
25-6703007,ZCH6322,Beauty,FALSE,40,7302,Mydeo
43-0973834,VXD3248,Toys,TRUE,50,3404,Dabfeed
57-1289116,SOD8716,Electronics,FALSE,11,4242,Omba
26-0380574,RKI2859,Outdoors,FALSE,23,6207,Blogtag
35-8845946,HUN0369,Clothing,FALSE,18,7116,Skimia
73-7057066,WHE8190,Health,TRUE,45,6699,Yakitri
86-8635051,UUJ0134,Baby,FALSE,32,5319,Yabox
71-2132289,JFA6096,Electronics,TRUE,17,7678,Pixope
08-4036240,NQD2900,Tools,FALSE,17,9446,Quinu
56-3923191,TLY1144,Baby,FALSE,41,4761,Blogtags
33-5884694,FGJ2203,Movies,TRUE,35,9039,Kaymbo
71-1949362,BGF1158,Automotive,FALSE,43,392,Teklist
51-2040272,ESS5989,Garden,FALSE,10,6117,Flipstorm
71-4285417,FTJ2977,Shoes,FALSE,12,6225,Vinte
37-7961269,TLK8778,Music,FALSE,25,5448,Mita
22-2854239,PIQ0269,Toys,FALSE,22,6355,Yodoo
99-8710225,VRP7380,Computers,FALSE,14,7477,Skiba
03-4526260,MBY3987,Toys,FALSE,24,211,Blogpad
27-4911312,KAG9541,Beauty,TRUE,10,5674,Yakijo
05-6383359,HUA4671,Electronics,FALSE,19,3135,Innojam
68-0427365,HPZ8942,Beauty,TRUE,16,2067,Tanoodle
39-0688260,JHJ2864,Health,TRUE,46,3203,Skipstorm
39-3670817,TCM2226,Shoes,FALSE,31,2077,Brainsphere
62-6149806,GHR3728,Kids,FALSE,16,3936,Rhyzio
47-3577716,ACL2653,Tools,TRUE,28,1425,Realfire
69-1414503,TOD4318,Home,FALSE,33,2074,Skyble
70-1587488,WFJ4047,Beauty,FALSE,25,1956,Zoombeat
86-2500561,FCA0015,Grocery,FALSE,35,2399,Thoughtstorm
05-2575710,WXM6386,Games,FALSE,12,5892,Jabbertype
73-4517606,SJZ3115,Music,TRUE,19,8054,Jabbersphere
06-6158080,LIJ2806,Industrial,TRUE,37,9293,Jabbertype
85-6730543,ISE7524,Movies,TRUE,11,372,Feedfish
71-5195878,EJJ7323,Toys,TRUE,24,2202,Twinte
86-4675492,HNV9313,Electronics,FALSE,23,7991,Rhynoodle
22-4788202,FJV2939,Clothing,TRUE,20,6470,Dynazzy
35-2949518,VRA9141,Toys,TRUE,15,3366,Youfeed
03-3495385,KIA3678,Games,FALSE,17,3201,Gabvine
60-3429092,HQC0529,Tools,TRUE,43,8965,Zoozzy
46-9041664,SIC5939,Garden,FALSE,19,4834,Youbridge
29-8315134,MNY5999,Clothing,FALSE,43,2024,Divavu
49-7256401,EPD8135,Baby,TRUE,14,8939,Wordify
85-3874285,UTD0422,Computers,FALSE,42,5847,Eayo
73-0440266,LVD0225,Grocery,FALSE,14,2999,Demivee
37-7370124,NAV4028,Electronics,FALSE,21,7342,Kanoodle
54-1229008,GWS8260,Garden,FALSE,40,5101,Devbug
82-2938069,FGG7400,Tools,TRUE,13,9671,Roodel
71-1209616,WTU2031,Tools,FALSE,44,9007,Eadel
30-1008512,LRB7987,Books,FALSE,45,4704,Skipstorm
61-6930264,OJF2189,Health,TRUE,50,5068,Oyope
91-8681115,HAU9378,Shoes,TRUE,20,5427,Wikizz
44-6123259,BBS2809,Electronics,TRUE,44,7394,Fadeo
49-3141163,RXR0741,Music,FALSE,15,2712,Gevee
11-9691742,EOV4396,Garden,FALSE,40,705,Bubbletube
07-0926307,ESS3113,Games,TRUE,11,7599,Cogibox
50-0709050,BWR5105,Automotive,FALSE,46,5081,Leenti
99-8314120,VTD7106,Industrial,FALSE,37,5196,Twinte
51-7037664,TXO8057,Tools,FALSE,15,4840,Oyoloo
90-6146576,GGM1990,Computers,TRUE,20,997,Skinte
32-8764736,VCO7512,Electronics,TRUE,41,6135,Oyoba
95-2586007,XEX4853,Books,TRUE,11,8265,Browsetype
28-1222057,VUN7955,Electronics,FALSE,35,6845,Dabtype
29-9110815,NJZ5476,Books,FALSE,11,4542,Rhycero
74-8711817,ZHK5897,Tools,TRUE,14,4412,Jabberstorm
09-6366139,UIR8662,Beauty,TRUE,39,2852,Realcube
23-9407497,LFA5624,Electronics,TRUE,35,6862,Oyoba
74-6276848,NIE2872,Home,FALSE,34,8159,Yozio
32-6431692,QDM3535,Garden,TRUE,22,3538,Teklist
80-1360461,DMT9611,Movies,FALSE,16,6809,Mynte
29-2939110,JIQ9861,Garden,TRUE,47,4639,Dabshots
64-4468784,CUE1795,Games,FALSE,12,6496,Gabtune
31-3341577,PJK6082,Home,TRUE,15,4161,BlogXS
68-4796170,GQN9051,Garden,FALSE,20,336,Wordify
48-3060332,UHN2676,Toys,FALSE,36,5295,Meetz
87-6289113,PLA5548,Health,FALSE,25,3411,Kwinu
87-6110066,HNF3756,Tools,TRUE,43,5685,Browsecat
12-1353370,GVC0650,Shoes,FALSE,49,6624,Browsetype
90-5820221,BRT3201,Health,FALSE,30,3747,Thoughtbeat
02-8281671,PHA5552,Sports,TRUE,37,1848,Skidoo
30-9754005,DDU7157,Toys,TRUE,18,6177,Lazz
78-2237416,XYS8397,Health,TRUE,31,2325,Gigaclub
48-1129691,LQL2791,Beauty,TRUE,17,3706,Vinte
03-6347664,JFC7548,Books,TRUE,28,8799,Brightbean
35-5329289,BCB1457,Tools,TRUE,10,525,Bubbletube
56-8235232,GON2934,Electronics,TRUE,14,536,Skinix
96-7925626,MSL2753,Computers,TRUE,10,4735,Skipstorm
19-6103706,DWT4601,Outdoors,FALSE,24,4197,Leenti
33-8356030,JXT7105,Music,FALSE,13,1454,Digitube
24-9078999,XDJ1187,Jewelry,TRUE,45,5820,Oyope
92-4183269,KUQ4452,Movies,TRUE,40,4113,Voonyx
07-4470118,RML5393,Health,FALSE,35,7832,Zava
26-1826301,QFT1512,Tools,FALSE,15,7770,Kwilith
22-4308118,HYE2556,Home,TRUE,38,6199,Livefish
07-5158619,HLE0959,Automotive,FALSE,23,8302,Janyx
38-1064321,VOO4593,Home,FALSE,37,3588,Cogidoo
02-9439436,GJM7145,Automotive,FALSE,13,7201,Agimba
88-9537200,RIR0348,Books,TRUE,33,1454,Photobug
17-9526258,OST3768,Music,FALSE,24,7510,Quinu
58-9782864,JRA5040,Movies,FALSE,20,8287,Realpoint
68-5370548,DNI0173,Home,FALSE,16,4392,Eare
38-3399097,GVZ5053,Kids,TRUE,42,9646,Eidel
57-4699655,YNM1171,Computers,TRUE,22,322,Aimbu
60-8365883,GNW2238,Movies,FALSE,26,1156,Leenti
63-6925696,XVS9170,Toys,FALSE,29,4494,Babbleset
44-8822438,TPX5634,Sports,TRUE,42,7574,Lajo
71-3644747,HEJ4464,Health,TRUE,39,3384,Youopia
64-2563983,JDQ8979,Garden,FALSE,20,3806,Centizu
74-7033422,ISK2195,Garden,TRUE,42,4604,Agivu
96-3966267,QWE8964,Movies,TRUE,15,7914,Kwimbee
29-5387069,GGT8167,Books,FALSE,20,7686,Browsebug
60-0208166,HIM4730,Books,FALSE,13,3966,Fiveclub
72-7649741,NUE3190,Health,FALSE,20,9710,Photospace
41-1563409,VUF2191,Tools,TRUE,12,8236,Skivee
23-9216166,FEP3970,Electronics,FALSE,13,6187,Pixoboo
67-0943035,NNH0215,Books,TRUE,25,1439,Tavu
17-0976658,NIS8424,Clothing,TRUE,32,6599,Buzzdog
15-9398447,VLU7734,Automotive,FALSE,18,5218,Skimia
73-0883934,SWC4205,Sports,TRUE,43,8285,Fatz
58-3979314,YMD5799,Shoes,TRUE,43,4802,Zazio
83-1481226,FOO8232,Kids,TRUE,28,8745,Topicware
23-6263351,GKN6458,Grocery,TRUE,23,5289,Vipe
73-6358894,SRN1262,Industrial,FALSE,17,9697,Quatz
69-0737408,TCF4721,Books,TRUE,21,7882,Jabberstorm
19-6550939,OCH5109,Games,FALSE,32,9296,Divavu
48-6866206,AEW6927,Outdoors,TRUE,47,1622,Zava
74-2699669,QQA9827,Kids,TRUE,30,1673,Eire
15-5470412,YPU6848,Outdoors,TRUE,42,2347,Npath
36-6462482,CAY0321,Movies,FALSE,13,4728,Twinte
08-8928783,QQG4465,Outdoors,TRUE,41,5151,Youbridge
20-2502096,YYU8577,Music,TRUE,26,8500,Gigaclub
78-6899972,FJK9572,Music,FALSE,17,7294,Reallinks
18-6722565,TUA5924,Grocery,TRUE,21,9979,Brightbean
41-0147899,WPO5672,Books,FALSE,24,2147,Centimia
49-8885219,YVL9182,Grocery,FALSE,11,3715,Voolia
77-9538977,FZX8910,Jewelry,TRUE,31,7441,Teklist
90-5514315,HCK7785,Movies,TRUE,38,1232,Camimbo
17-1233921,DDT5521,Tools,FALSE,12,5541,Tanoodle
45-7445011,AGS5596,Sports,FALSE,14,9416,Oozz
29-2061590,LOW9516,Grocery,FALSE,30,4402,Agivu
76-6194845,FSH7404,Garden,FALSE,42,2862,Dynava
35-5275490,UID3131,Sports,TRUE,12,8572,Izio
03-8059887,BHV9752,Electronics,TRUE,50,9625,Linkbuzz
23-2147357,QTX2046,Jewelry,TRUE,31,3184,Topdrive
89-5862981,ZWS1928,Automotive,FALSE,13,6451,Babbleblab
06-2633424,ZUY4891,Shoes,TRUE,41,2265,Yoveo
84-7609983,ODQ2469,Garden,FALSE,18,8732,Eare
67-6667147,EZA1446,Games,TRUE,37,5661,Ntags
45-7918381,EZX3765,Movies,TRUE,44,720,Eare
10-7693851,LUV3272,Movies,TRUE,38,9735,Zava
59-3226721,XVW3985,Movies,TRUE,25,668,Thoughtworks
63-3618013,MFQ4500,Computers,FALSE,41,7332,Shuffledrive
22-4863527,GIH0002,Grocery,FALSE,10,1480,Pixoboo
09-0766447,JCO8581,Movies,FALSE,45,642,Eazzy
95-6468522,RID9796,Beauty,TRUE,40,2428,Flashpoint
79-5206703,TJI6583,Computers,TRUE,19,7552,Zoomcast
50-6169789,MFB7501,Baby,TRUE,36,4237,Yabox
78-3797127,YCR8570,Grocery,TRUE,15,3865,Layo
07-7592513,HRJ6290,Clothing,FALSE,36,5976,Wikivu
87-6767394,FHJ0292,Grocery,FALSE,10,1816,Twitterbridge
76-6319096,HRV2437,Clothing,FALSE,46,9074,Jetpulse
73-6124230,XEP2063,Beauty,TRUE,17,2316,Wordware
89-7644282,TJM6203,Garden,FALSE,13,7503,Thoughtbeat
37-1363082,KFQ5765,Kids,TRUE,40,8492,Voonix
06-4236788,VWT3134,Games,TRUE,37,7944,Devbug
64-7331238,JFX9214,Jewelry,TRUE,39,2727,Eayo
08-2991411,MPV2995,Books,TRUE,46,1579,Fanoodle
44-0904951,PCG7213,Toys,FALSE,19,9102,Shufflebeat
72-8906238,PUC7195,Kids,FALSE,15,5960,Browsedrive
77-7098918,VSO2938,Home,TRUE,31,7627,Vidoo
83-5922941,ZTV1707,Electronics,FALSE,21,9010,Skalith
40-2830147,TCY9120,Tools,FALSE,31,6790,Feedspan
39-8159513,TIZ6227,Games,TRUE,36,7102,Eamia
35-4594686,GIN9503,Clothing,FALSE,34,5023,Podcat
94-0342182,EZL8736,Jewelry,FALSE,35,9484,Skilith
37-0100918,VJK4275,Automotive,TRUE,29,5831,Quinu
16-7058134,BES3895,Electronics,TRUE,27,8920,Thoughtblab
81-1124743,XDC8731,Health,TRUE,22,2615,Skinix
01-5562127,UWR5408,Clothing,FALSE,25,289,Jabberbean
54-6929521,MTC5010,Baby,FALSE,25,812,Blognation
08-1175778,NBF7192,Outdoors,TRUE,40,5809,Eadel
29-2417472,VJX2177,Books,FALSE,28,9459,Wordtune
32-5256987,FSQ4833,Shoes,FALSE,16,5987,Devpulse
47-2734797,FSF1383,Home,FALSE,30,9089,Fivebridge
23-8673614,CKG8278,Beauty,TRUE,47,1264,Miboo
84-8031537,JYO6202,Home,TRUE,44,1298,Tekfly
40-5192772,HGJ6923,Health,TRUE,32,7017,Demivee
67-3058582,LRQ3111,Health,FALSE,19,7042,Skipfire
59-4926351,URL1120,Music,FALSE,10,3934,Yadel
99-3731478,BVB6931,Outdoors,FALSE,12,3174,Gigabox
12-9191568,ULJ2197,Outdoors,TRUE,39,2942,Ozu
64-9870152,CZK3329,Toys,FALSE,24,979,Skyba
04-7868336,BDT2289,Books,FALSE,28,4756,Gabvine
01-5154635,HHJ3471,Outdoors,TRUE,11,4574,Realpoint
70-1669293,VKQ7249,Toys,TRUE,45,3835,Vipe
41-3745152,UWG6103,Shoes,FALSE,48,6282,Avamba
21-4510272,KWN7342,Music,TRUE,39,1533,Miboo
18-9314438,TGP7337,Music,FALSE,36,7080,Plambee
97-1611911,LHD1477,Music,FALSE,14,7376,Babbleopia
92-7655861,EDK2709,Baby,FALSE,17,5386,Abata
49-1901581,EOP1907,Outdoors,FALSE,40,8838,Thoughtsphere
63-0348020,CMJ8871,Grocery,FALSE,22,2180,Digitube
47-1158403,ELM2879,Music,TRUE,25,3433,Roodel
87-0432227,NZY8626,Sports,FALSE,26,9766,Voonder
61-9817133,AUJ2916,Jewelry,TRUE,23,2133,Bluezoom
41-1648510,SZO7583,Books,FALSE,50,8770,Meevee
89-9883954,OQU8258,Grocery,FALSE,45,5658,Jetwire
00-3065971,NBS9893,Games,TRUE,43,8811,Youbridge
49-9035285,SAQ6501,Grocery,FALSE,37,2197,Gabcube
59-5718446,HOO1480,Clothing,TRUE,11,645,Voonte
00-9369549,AVJ3933,Automotive,FALSE,17,8353,Skyvu
34-2607106,TEH2563,Games,FALSE,23,8986,Livefish
09-3904530,YXY1019,Sports,FALSE,34,1426,Yodoo
73-5806458,NLR2532,Automotive,TRUE,27,8233,Dynabox
58-6673921,BUC2039,Industrial,TRUE,40,9172,Pixoboo
74-8272165,KEI5453,Toys,FALSE,10,1091,Topicstorm
08-0818164,TXD7314,Industrial,FALSE,22,203,Photobug
07-3844262,DRB5145,Baby,TRUE,17,4241,Skinte
99-9030332,WTF2954,Games,TRUE,32,832,Shufflester
11-7431965,VBC6833,Games,FALSE,29,8337,Jabbersphere
97-4559223,TGS8956,Movies,FALSE,31,6713,Blogtags
74-1245749,PDP5668,Computers,FALSE,19,4093,Npath
98-1778467,ZUU9833,Industrial,TRUE,14,5042,Thoughtmix
05-3482303,KGR9290,Industrial,TRUE,44,1171,Eadel
20-3847170,DDP4994,Toys,FALSE,16,4871,Brainbox
37-5784739,IVK0387,Toys,FALSE,41,5221,Cogibox
17-7547396,PKO7911,Movies,FALSE,44,5916,Mudo
86-2804563,URI3639,Health,FALSE,48,3535,Ntag
11-6156993,KTN5192,Jewelry,FALSE,20,8296,Skalith
60-6043229,XQB3915,Shoes,FALSE,23,6433,Demimbu
85-0612729,FAN5395,Computers,FALSE,43,4596,Rhyzio
31-5010833,SGW1559,Games,FALSE,28,3255,Wikido
23-9279675,QDU0034,Clothing,TRUE,36,3148,Shufflebeat
64-2847875,BZD6208,Beauty,FALSE,21,271,Jaxspan
35-5130446,ARH7358,Music,FALSE,15,1583,Browsecat
04-7427623,MYK1687,Baby,FALSE,11,9162,Brightdog
75-3144543,ERG5662,Grocery,TRUE,25,9743,Kare
28-5527961,CWK4516,Tools,FALSE,10,2026,Livetube
40-8269996,CMU0421,Sports,TRUE,43,4514,Avamba
34-2881952,ARS7769,Music,FALSE,29,4397,Mydeo
46-1683050,YCO8585,Sports,FALSE,34,5448,Vitz
84-8834677,UCR3594,Movies,TRUE,17,3816,Bluejam
53-2646544,KRH9953,Tools,TRUE,15,3648,Katz
90-7373084,WOH1977,Jewelry,TRUE,16,5040,Skimia
35-5100857,ZUE7242,Tools,TRUE,24,3883,Kaymbo
58-1688783,HDP5075,Movies,FALSE,30,7837,Kazio
75-9873783,UEX7230,Automotive,TRUE,37,5698,Twitterlist
50-4869284,OGA0708,Electronics,TRUE,39,3614,Twimbo
19-9304013,DCO5027,Beauty,TRUE,36,1818,Wikizz
46-3359613,SWF3528,Movies,TRUE,36,1814,Jaxworks
52-1527793,GCQ1188,Books,TRUE,46,9168,Oozz
51-5187882,ARH4678,Jewelry,TRUE,44,5603,Blogtag
55-1255137,CAB5764,Games,FALSE,40,2472,Eimbee
02-3246779,OWM3844,Grocery,FALSE,11,7270,Babbleset
41-0216020,KJY5925,Health,TRUE,16,1057,Ailane
01-1794061,VEH9815,Grocery,TRUE,34,5772,Realmix
20-8787445,JYU3521,Computers,TRUE,25,5731,Realbuzz
72-1089908,QAU1251,Electronics,FALSE,13,4118,Chatterpoint
74-5554178,LCL2340,Kids,TRUE,36,6769,Photobug
36-2752983,NIA7308,Movies,TRUE,10,2368,Yodoo
40-2729571,ALT0485,Sports,TRUE,11,7752,Oloo
24-1233029,YML4832,Clothing,FALSE,33,9118,Dabvine
17-5564988,WEE4684,Home,FALSE,49,8395,Jabberstorm
85-1739741,FHX7858,Games,FALSE,14,7298,Tagpad
83-1158285,QIV3382,Health,FALSE,15,2743,Fliptune
97-6743641,DTT0900,Movies,FALSE,39,294,Devbug
58-3139672,ALX0248,Health,FALSE,15,2219,Omba
37-4054318,RAA4092,Computers,FALSE,37,5176,Podcat
60-3263976,RPX1193,Jewelry,FALSE,16,1081,Quatz
61-2610128,ABW5399,Beauty,TRUE,49,7369,Livepath
80-7117862,JLX1129,Tools,FALSE,19,6505,Browsecat
53-0583598,QSQ6902,Toys,FALSE,45,7796,Myworks
51-1673829,VQI8876,Garden,TRUE,18,7027,Thoughtsphere
32-2817020,DKV7595,Automotive,FALSE,12,7410,Bubblebox
87-9056858,JPF2043,Beauty,FALSE,31,1134,Quatz
41-1249469,HQA9363,Toys,FALSE,15,4766,Mita
31-2844744,QYU4535,Industrial,FALSE,21,3526,Lazz
69-0016327,JTM9828,Beauty,TRUE,50,8767,Trunyx
02-5712428,VQE6306,Books,FALSE,44,4237,Yakijo
95-1312732,UYI9972,Sports,FALSE,50,8234,Trudeo
39-1829214,TWW6652,Toys,FALSE,32,7217,Feednation
80-6171657,EBI1232,Computers,TRUE,31,6569,Demimbu
58-4900998,ZKM2726,Movies,TRUE,34,1623,Feednation
26-5173867,BIL4249,Industrial,FALSE,43,1718,Feedfish
92-6383025,SUQ4989,Shoes,FALSE,27,4246,Realblab
33-2224706,JLQ6447,Electronics,TRUE,12,1894,Skipstorm
44-8236195,HFP2905,Health,TRUE,34,6998,Dynabox
54-7452590,LJV9764,Jewelry,FALSE,18,2140,Mydo
13-5350455,EVP4867,Baby,TRUE,11,6749,Wikizz
31-2678468,CVR2516,Industrial,FALSE,45,5223,Voomm
14-8684297,TTL1851,Home,TRUE,15,7107,Chatterpoint
14-4063565,CSX3173,Games,TRUE,42,1898,Ooba
69-7764401,UVM7326,Beauty,TRUE,32,2552,Skinte
17-3092259,VZN7236,Kids,TRUE,41,5508,Oba
84-2526538,TRO8421,Electronics,FALSE,18,9819,Skiptube
09-7114394,TOD8070,Books,TRUE,24,5718,Jabbersphere
54-8739502,RVZ3658,Health,TRUE,45,3816,Centimia
00-4772033,OAB4587,Outdoors,FALSE,13,5684,Skipfire
21-9588504,VDA8191,Baby,FALSE,19,1019,Babbleblab
37-4267219,TNW2358,Clothing,FALSE,14,4762,Meemm
41-3416195,VBI7522,Electronics,FALSE,18,222,Blogspan
49-2076521,YNY2432,Home,TRUE,21,3149,Yakijo
81-9016204,GFQ6753,Games,FALSE,18,5307,Mydo
00-2738712,NWQ8846,Games,FALSE,44,7097,Yombu
15-3432264,XWR6788,Clothing,FALSE,36,5973,Twitterbridge
01-6310119,POT4738,Computers,TRUE,41,8042,Devpoint
78-5973617,WGT4829,Sports,FALSE,50,4970,Quinu
29-2244268,OSA0283,Toys,FALSE,48,7229,Ainyx
64-5293637,LLO3591,Tools,FALSE,15,2265,Kare
29-6585928,HHS5336,Baby,FALSE,45,6111,Ailane
47-1119142,MPD8041,Sports,TRUE,16,4416,Fivespan
82-5329865,UOD1820,Grocery,TRUE,32,9823,Blogtags
39-3045576,IIK5799,Tools,FALSE,28,682,Voomm
10-6838626,MEY0731,Home,TRUE,23,6576,Roomm
97-5305923,SWM4794,Games,FALSE,31,6911,Gabtype
58-6653618,ILU2642,Tools,FALSE,32,8786,Zoombox
65-6229128,BSH4610,Shoes,TRUE,41,8769,Jabberstorm
65-6144077,YMZ3645,Music,FALSE,25,8920,Linktype
32-8560531,SIK6114,Industrial,TRUE,29,7927,Aimbu
66-4276118,REW5430,Games,TRUE,12,2228,Youbridge
81-2027508,WMQ3594,Baby,TRUE,12,2813,Abatz
07-0056797,WUO0648,Movies,TRUE,33,4760,Yombu
61-6713393,WNJ1134,Automotive,FALSE,20,1610,Kwinu
48-3811826,EVE8876,Movies,TRUE,43,6317,Rhyloo
11-9558504,QDX2002,Baby,TRUE,45,517,Flipopia
83-2777222,LEW4155,Computers,FALSE,45,7240,Vinder
35-0790835,NEG1487,Clothing,FALSE,11,3861,Realbuzz
22-4151576,FUM7839,Baby,FALSE,19,7903,Kimia
25-5765260,FWC7302,Movies,TRUE,39,9358,Devbug
39-2686091,TLX0931,Automotive,TRUE,48,4520,Topicware
24-3570169,NIR3945,Shoes,TRUE,43,6227,Divape
25-0690412,OXK3413,Kids,TRUE,39,9886,Youopia
21-6037023,OPT8170,Music,TRUE,13,7533,Gabcube
33-9619081,JKL0133,Computers,TRUE,25,8363,Snaptags
27-0311033,MXB2561,Books,FALSE,30,2666,Fadeo
69-4622699,TXL9825,Automotive,FALSE,13,647,Jaxworks
17-8849997,KWO0621,Shoes,TRUE,43,8845,Babbleopia
45-7543575,ATF8925,Home,FALSE,25,8396,Lazz
49-3177034,RQC8880,Jewelry,TRUE,40,5582,Fadeo
49-7903870,WRA7334,Beauty,TRUE,19,8505,Voomm
71-7453404,LJF6043,Music,FALSE,41,3725,Tavu
02-2789934,UTB1711,Sports,TRUE,42,3850,Eare
35-9735970,KAH8510,Books,FALSE,30,5459,Skinte
40-6572879,DHC5199,Movies,TRUE,46,8655,Rhybox
37-4033678,BGC2747,Games,TRUE,29,6935,Agivu
19-4745828,OIG6529,Tools,FALSE,28,8583,Skiba
47-0627932,XUC7208,Computers,TRUE,24,5749,Talane
71-9734342,RUR1421,Baby,TRUE,15,3169,Flipopia
53-4589796,LUI9476,Tools,TRUE,18,9733,Avamm
75-2179162,TPJ3471,Kids,TRUE,36,8924,Zoonder
81-2999133,QUV7427,Automotive,TRUE,33,4931,Trilia
39-9765731,SOP9190,Shoes,FALSE,13,6077,Tanoodle
60-7148043,XOG9334,Clothing,TRUE,10,1034,Tagchat
36-6975716,TZW8028,Tools,FALSE,44,536,Aimbo
29-5105556,OOG7286,Toys,TRUE,22,6402,Dabtype
16-4597426,JHH5418,Beauty,FALSE,39,1615,Jayo
94-8568896,PZG8785,Garden,FALSE,30,2211,Demivee
25-3741269,NEY7756,Games,FALSE,23,4593,Dynabox
48-1679721,CKA9287,Music,TRUE,43,2982,Dynava
93-8660583,JQO5167,Industrial,TRUE,11,9696,Divavu
78-8496383,AVA1263,Industrial,TRUE,35,568,Cogidoo
82-4462513,HXI4000,Movies,FALSE,47,1706,Fiveclub
20-2369995,PMI5540,Automotive,FALSE,30,8753,Flashset
79-6847034,OIG7589,Home,FALSE,47,1427,Rhynoodle
25-0768236,XZN8587,Books,FALSE,26,1923,Buzzbean
04-8543140,LIV1182,Books,FALSE,27,9746,Photolist
84-5263064,SWQ7514,Clothing,FALSE,35,7293,Shufflester
33-6287223,PCS1970,Automotive,FALSE,46,7310,Vipe
82-8378853,AUR5222,Beauty,FALSE,26,9693,Aimbu
79-1611660,KNI7143,Health,TRUE,25,4464,Wordware
45-2271340,FFZ0350,Kids,FALSE,44,7359,Yamia
26-4859667,JET9234,Electronics,FALSE,23,579,Voomm
68-6446288,NUQ7106,Outdoors,FALSE,35,239,Flipopia
30-4428546,MWW8108,Garden,FALSE,31,1371,Agimba
39-6248460,NRS9393,Computers,TRUE,36,1259,Eabox
77-4350501,TSH6572,Computers,TRUE,31,2931,Avaveo
56-8415315,ZLJ0804,Movies,TRUE,49,3724,Topiczoom
18-7877751,FGV5953,Industrial,TRUE,24,5610,Livepath
19-9297081,SGC9580,Home,TRUE,41,3092,Meedoo
90-0596791,EIQ5543,Garden,TRUE,37,9355,Wikido
02-3563100,XLG7158,Health,TRUE,30,3372,Zoovu
17-5369008,UAW7232,Games,FALSE,21,4461,Eidel
47-3501551,RHW0716,Automotive,TRUE,44,8614,Jabbercube
31-1907451,FNQ0191,Electronics,FALSE,22,2454,Camimbo
66-6020747,GFH9827,Clothing,FALSE,31,1650,Feedfish
01-7912273,EJV1746,Clothing,TRUE,22,9099,Yakijo
64-5621819,XLX8061,Electronics,TRUE,23,1282,Realcube
33-9081684,POQ0205,Electronics,TRUE,31,2791,Tavu
33-6828212,RTB1752,Sports,FALSE,35,6937,Demimbu
38-0957650,ZZD7011,Shoes,TRUE,18,1009,Gabcube
63-0119292,OZI9596,Jewelry,TRUE,46,1395,Brightdog
02-4249692,VXT5007,Toys,FALSE,40,6689,Tavu
55-9522276,WWZ3697,Shoes,FALSE,42,1768,Youtags
14-0072357,RPR4770,Computers,FALSE,10,5396,Ntags
38-8520901,PBI2289,Games,TRUE,27,5472,Skinder
50-4918355,XSF3950,Beauty,FALSE,11,8598,Feedbug
21-1320826,ZBU9785,Sports,TRUE,26,615,Buzzbean
88-6180209,HHR6708,Sports,TRUE,23,6935,Mymm
32-8371354,OUP4281,Tools,FALSE,20,7742,Jetpulse
78-9464383,JTK5870,Jewelry,TRUE,19,3193,Livepath
16-2015687,DKE6696,Jewelry,TRUE,15,8060,Trupe
01-8728507,IBM9290,Music,TRUE,32,8468,Jayo
32-2512991,BGB8245,Garden,TRUE,29,1801,Zoombeat
99-2990012,DKN6180,Home,FALSE,30,3520,Browsedrive
48-4378644,PZR1133,Jewelry,FALSE,32,9043,Oloo
45-8843965,OWA3653,Beauty,TRUE,35,7090,Ntag
34-3789991,XRM2425,Garden,TRUE,35,1044,Thoughtsphere
79-3480180,XBX9979,Tools,FALSE,15,2151,Edgewire
58-3372333,EYC4968,Baby,FALSE,38,7893,Skivee
33-2190647,OUO9125,Grocery,TRUE,18,1876,Zoonder
53-1766949,EEM6630,Home,FALSE,17,8073,Yakidoo
90-6834412,TGZ2302,Computers,TRUE,27,836,Rooxo
03-2683253,CBS2115,Garden,FALSE,35,6927,Browseblab
60-6943369,IVP4278,Health,FALSE,14,2792,Kwilith
65-3585082,BKL1175,Baby,FALSE,25,3585,Riffpedia
05-5631792,VQV9688,Jewelry,TRUE,42,3648,Myworks
98-9355323,YZL9153,Garden,TRUE,34,2448,Dabtype
24-7671715,IKN9791,Toys,TRUE,30,7910,Kwilith
71-1044930,PWX8989,Automotive,FALSE,35,7113,Dablist
17-0685947,DDU3851,Grocery,FALSE,36,7080,Rhybox
40-9165853,PTP7915,Health,FALSE,42,3708,JumpXS
74-2166578,UQV4975,Automotive,TRUE,34,4100,Browsecat
03-5663663,QCR5869,Automotive,FALSE,14,5009,Edgetag
06-3074168,QEK7198,Games,TRUE,37,656,Einti
67-8885839,HGH7562,Computers,TRUE,23,2810,Yakitri
50-2019006,HXX3463,Grocery,TRUE,19,6049,Thoughtstorm
82-2563578,UMZ9700,Beauty,FALSE,45,8563,Wikivu
33-8832199,FUA5596,Clothing,TRUE,17,5277,Eamia
62-0999795,PLG4134,Games,FALSE,12,8111,Tagchat
23-5751422,SUO5956,Garden,TRUE,29,1348,Yodoo
72-2151008,ZUT8368,Toys,TRUE,43,4110,Zoomlounge
75-1216546,KLS2968,Tools,FALSE,15,6835,Livepath
99-7166154,STV3486,Outdoors,TRUE,50,6689,Mymm
18-4368236,VKZ4443,Toys,TRUE,14,1881,Tazz
16-1681378,XYN0598,Electronics,TRUE,28,9533,Jamia
00-4427903,NJN1910,Shoes,TRUE,19,384,Talane
07-0141393,OGE8193,Clothing,FALSE,14,4918,Gabcube
49-6888764,RYW6874,Tools,TRUE,12,2156,Twitterbeat
64-6234816,XPB4055,Kids,FALSE,46,2692,Oloo
80-4942817,JNN3951,Clothing,TRUE,45,1199,Fiveclub
87-2415294,JWJ8096,Beauty,TRUE,33,5603,Brainlounge
31-7097258,LLW3308,Health,TRUE,16,9942,Lajo
15-2489174,ZIY1257,Computers,FALSE,50,1790,Flashset
64-9512816,LRV5091,Sports,FALSE,50,9722,InnoZ
98-0427047,CQR1746,Garden,TRUE,39,5063,Skynoodle
63-2240520,WGL7489,Shoes,FALSE,13,3301,Quamba
97-8951349,SRZ8547,Music,TRUE,21,387,Thoughtmix
81-3451055,QUM5850,Garden,TRUE,49,9775,Kamba
76-5468643,VUK0442,Books,FALSE,40,9939,Rhycero
75-4560630,XLD4741,Clothing,TRUE,28,8656,Yakidoo
12-5403860,OGK7504,Jewelry,TRUE,35,7769,Viva
13-2207228,WRJ4233,Games,FALSE,32,3426,Yadel
72-1451031,FYU6682,Garden,TRUE,24,2316,Eayo
72-5803263,TPC2573,Home,FALSE,50,2142,DabZ
90-6739822,HKT2128,Beauty,TRUE,16,5709,Mita
68-3749343,JKO1628,Outdoors,TRUE,13,1959,Oyoloo
75-3734624,OHU7844,Beauty,FALSE,35,5562,Photobug
67-9530151,LQO6620,Industrial,TRUE,14,1128,Quinu
36-3911657,KJF3555,Baby,TRUE,34,6872,Photobug
54-1538560,NTL7714,Clothing,FALSE,43,3829,Riffpedia
72-1045679,EMM4276,Tools,TRUE,40,5217,Yadel
07-4402011,SXO1870,Sports,TRUE,18,352,Topicblab
57-0656931,WIT6992,Tools,TRUE,48,9972,DabZ
74-1113284,YJG8558,Electronics,TRUE,28,9104,Kaymbo
20-5825074,PTA3869,Toys,FALSE,49,6561,Flashpoint
26-8161790,UIB7134,Beauty,FALSE,12,4787,Yambee
65-1689366,XTF7587,Shoes,TRUE,34,6848,Jaxworks
70-6211576,OTK7178,Clothing,FALSE,31,1103,Viva
20-0102480,LCO0682,Books,TRUE,22,8833,Tavu
72-1079273,XWE4671,Automotive,TRUE,37,756,Npath
01-9526007,WSB5967,Automotive,FALSE,44,4650,Devpulse
15-6875094,LHM6888,Grocery,TRUE,47,3332,Roombo
89-8621676,MRW3237,Home,TRUE,18,4607,Tanoodle
38-0502594,GRA9116,Clothing,TRUE,11,1318,LiveZ
05-3954927,CAR3507,Clothing,FALSE,28,6215,Thoughtbeat
15-7828937,DNG2634,Grocery,TRUE,10,6981,JumpXS
79-5700959,HVG6795,Health,TRUE,50,399,Realcube
75-3745088,MSU9356,Kids,FALSE,50,7673,Kamba
49-7276020,WZK0089,Books,FALSE,13,7346,Demizz
17-2076455,ZZX8999,Movies,TRUE,10,277,Abatz
25-2824321,CGG5835,Health,TRUE,23,8572,Quinu
74-6115151,FGZ2048,Movies,TRUE,43,9439,Innotype
47-1809660,KLY2050,Health,TRUE,42,1018,Skinder
74-2487489,SHW5433,Books,TRUE,18,8992,Zoomlounge
81-3543702,UWK2610,Tools,FALSE,10,3784,Oyondu
38-6077609,SGQ3303,Jewelry,FALSE,48,7136,Edgewire
73-9907963,LPD7820,Shoes,TRUE,32,9967,Wordtune
13-6546033,ZOQ7198,Shoes,TRUE,40,4403,Browsecat
43-6206518,INN0365,Games,FALSE,33,5027,Browseblab
13-4964127,NLS4302,Industrial,TRUE,17,1019,Kazu
62-6557954,XGJ4564,Garden,FALSE,20,5940,Tagpad
84-8138479,HBD8543,Garden,FALSE,30,8240,Gigashots
71-6890314,SNH9855,Tools,TRUE,39,4654,Realmix
08-4059853,UGS6191,Electronics,FALSE,10,986,Riffpath
36-2338993,BPU6275,Health,FALSE,41,4728,Kazio
95-4146070,DYP6284,Tools,TRUE,46,8125,Meembee
00-2001834,IQR0126,Industrial,TRUE,27,9627,Avamba
42-6169027,DSI7383,Jewelry,TRUE,19,8917,Gigabox
07-8220586,OQW1509,Garden,FALSE,41,9995,Skipfire
71-4757965,GAP0694,Clothing,TRUE,39,2256,Dablist
37-6201468,SDB6770,Electronics,FALSE,35,3311,Katz
17-9711506,RBV2128,Computers,FALSE,46,1154,Skidoo
94-7665523,XEV4857,Sports,TRUE,41,6564,Ailane
57-0584819,QQM5172,Music,TRUE,38,4598,Voonix
23-0616916,OJH3358,Grocery,FALSE,18,7254,Vipe
42-7902482,MEB2425,Home,TRUE,35,3698,Devcast
65-7230574,KOG8095,Movies,TRUE,18,6527,Chatterpoint
31-2409619,LQL8970,Beauty,FALSE,46,8979,Yambee
68-2974884,FIY9830,Toys,FALSE,18,9580,Gabtune
09-2589856,VAJ4621,Sports,FALSE,38,9897,Wikivu
91-0792305,FDZ0194,Music,FALSE,37,362,Brainverse
02-4826988,NDZ9221,Toys,FALSE,36,1095,Thoughtstorm
48-0002182,OMD5245,Jewelry,FALSE,34,5431,Quimm
57-0433112,NLF6638,Toys,TRUE,37,4239,Snaptags
68-4491542,WSY1563,Industrial,FALSE,26,4711,Tagpad
37-8895012,WCC5509,Garden,FALSE,13,9419,Livepath
16-9179143,YVT3209,Computers,TRUE,11,1204,Dazzlesphere
59-1519719,QHZ3105,Kids,TRUE,29,6857,Flashset
99-9498184,FTP1088,Games,FALSE,36,2650,Tazzy
21-8633774,SZN2439,Kids,FALSE,32,8777,Dynava
76-7985536,FHZ2452,Books,TRUE,30,1452,Thoughtstorm
93-1814640,FSX2183,Games,TRUE,11,4376,Jazzy
33-2668946,DWH2496,Games,TRUE,49,7943,Jabberstorm
69-0737361,UCU0372,Outdoors,TRUE,45,4191,Livepath
27-5038674,EOT9538,Books,FALSE,20,9371,Twiyo
72-0274143,WVR7304,Industrial,FALSE,32,3457,Zoomcast
53-7670910,MVL1974,Garden,TRUE,35,5840,Skaboo
27-7273729,AFG9983,Games,FALSE,12,5755,Gigaclub
18-7572952,DXD6216,Shoes,FALSE,32,2884,Feedmix
53-3693590,GLW6465,Garden,FALSE,26,6227,Eamia
30-9187395,FDM5997,Grocery,FALSE,39,8220,Ozu
42-3197634,MJF5946,Kids,TRUE,37,3876,Fivechat
48-4712324,NPB6271,Home,FALSE,16,5572,Twitterbeat
38-6334802,YLA4929,Garden,TRUE,28,6684,Mynte
78-4788172,AQR4445,Tools,FALSE,25,4833,Voolia
36-0511634,WUT8482,Home,FALSE,24,3460,Feedmix
53-0204391,FIP0280,Garden,TRUE,50,4804,Jabbersphere
58-8372272,WYS7301,Kids,FALSE,19,466,Meezzy
59-4565058,KZT2902,Music,TRUE,37,410,Miboo
78-3432922,UIT2988,Tools,TRUE,11,1550,Divanoodle
14-1388389,MBP3318,Movies,FALSE,20,8932,Rhycero
05-3281418,VQJ2919,Home,TRUE,22,6800,Flipstorm
29-8744750,ZZA1277,Books,TRUE,30,5662,Roomm
36-8841316,CLZ0194,Baby,FALSE,10,6971,Gigabox
65-3258277,POZ4752,Industrial,FALSE,17,6829,Blognation
57-5267172,DRE9918,Tools,FALSE,40,2765,Dabtype
42-6462142,VLQ7950,Clothing,TRUE,29,8415,Oodoo
97-6818650,RXO9295,Health,TRUE,33,7440,Meembee
39-9067370,HDQ3257,Jewelry,TRUE,35,9908,Tavu
58-6655828,LXG3867,Computers,TRUE,47,6055,Divanoodle
97-3652178,EQD6392,Grocery,FALSE,49,4817,Ntag
48-8522827,AQH0557,Industrial,FALSE,47,7656,Realmix
61-3497534,CUB0932,Outdoors,TRUE,45,7855,Yambee
92-2323654,ZXI5592,Clothing,TRUE,12,1056,Omba
32-3780022,UBU8855,Games,TRUE,27,1548,Oozz
25-5304544,ZYZ7132,Jewelry,FALSE,20,2511,Riffwire
61-9413126,QLN4266,Music,TRUE,11,6969,Fivespan
30-8094768,SBN2835,Games,TRUE,33,1839,Tagchat
29-4122417,QZM9356,Sports,FALSE,37,6663,Feednation
94-6692243,CKU1542,Sports,TRUE,45,2357,Camido
94-5109638,MDQ3956,Garden,FALSE,28,5902,Gevee
15-0522418,PLV8570,Kids,TRUE,40,853,Eazzy
15-1194288,DZT8990,Sports,TRUE,31,4903,Kare
56-4348533,FNR0217,Books,FALSE,24,8087,Gabspot
41-9981595,OSF9579,Garden,FALSE,24,4623,Divavu
94-1714177,OWZ8926,Computers,FALSE,49,3502,Twimbo
72-4847540,UBV8909,Baby,FALSE,25,2112,Twitterworks
76-9676210,QIM7639,Jewelry,TRUE,49,388,Zoozzy
24-7677850,HMA1437,Electronics,FALSE,22,5248,Twitterlist
75-4881057,EJY5511,Kids,TRUE,45,5350,Kwimbee
90-7766874,BNC5321,Baby,FALSE,10,4447,Rhynyx
28-4624075,GTF6782,Automotive,FALSE,29,4467,Dabvine
81-6100252,JFV7372,Movies,FALSE,16,9640,Photobug
21-4740102,USI7491,Computers,TRUE,10,8155,Camido
57-4144927,SHQ3619,Shoes,FALSE,37,9782,Trudeo
69-6310609,NBG9633,Electronics,FALSE,17,7611,Jabbersphere
36-3738024,VAA4963,Jewelry,FALSE,27,2567,Realcube
87-1796067,IQT9513,Movies,FALSE,40,246,Skalith
43-5740706,KJA7525,Grocery,FALSE,42,7266,Brightdog
34-1329680,RAC7348,Beauty,TRUE,15,8603,Demimbu
52-6517926,ODZ2840,Health,TRUE,39,1547,Chatterbridge
41-1483922,SXW9175,Games,FALSE,13,6945,Zoomcast
25-6347127,FTH0457,Home,FALSE,28,6531,Topicblab
72-4262484,TVW8823,Garden,FALSE,31,3629,Dabfeed
16-1658854,GJT6193,Automotive,TRUE,17,9690,Voonder
77-8895752,ILQ1346,Industrial,TRUE,39,1944,Eamia
53-6424309,HXK6357,Books,TRUE,14,7992,Flipopia
67-5304097,GNC4815,Tools,FALSE,36,6069,Wikido
04-8983949,ZRI1580,Electronics,TRUE,38,6933,Twitterwire
32-2067671,SOH3904,Automotive,TRUE,44,3255,Cogibox
39-8301884,JWO2373,Home,TRUE,50,3683,Meeveo
72-5731448,OQX7136,Computers,FALSE,49,347,Jaxnation
32-2117545,ORN8346,Grocery,FALSE,43,9437,Topicware
33-7868372,YLF4246,Computers,FALSE,14,5777,Livetube
24-7692601,SXM2844,Sports,FALSE,41,6868,Meembee
68-8362375,XDB8726,Games,TRUE,35,8300,Zazio
65-2281421,QFP6613,Books,FALSE,29,4643,Buzzshare
43-2311901,UFK6580,Books,FALSE,17,1230,Mita
87-0190016,GOX0494,Books,FALSE,16,2320,Muxo
49-5594516,BJH3889,Kids,TRUE,44,5103,Npath
85-9113146,RMY7742,Sports,FALSE,35,6364,Innotype
35-3882941,ZVA4130,Toys,TRUE,28,6998,Skajo
58-9277386,NFK4472,Computers,TRUE,38,3618,Youspan
40-6544332,RRB0713,Toys,TRUE,42,3995,Dazzlesphere
36-7182945,WIO6646,Outdoors,FALSE,27,3195,Babblestorm
87-9798702,CQP5801,Outdoors,FALSE,15,2271,Jabberbean
24-0466442,WGN4643,Garden,TRUE,42,1271,Lajo
65-8406796,HNR2730,Shoes,FALSE,46,790,Wordtune
83-1978493,YRQ0420,Toys,TRUE,18,2072,Wordtune
71-3135340,JZU8262,Garden,TRUE,50,5423,Youtags
06-9595190,HQJ2386,Garden,FALSE,26,1141,Avamba
32-7896766,KKG9270,Garden,FALSE,46,4175,Bubblebox
86-9466413,ALS7187,Grocery,TRUE,26,2685,Mydeo
55-9464346,WSX8384,Industrial,TRUE,34,572,Miboo
25-2395232,HGH2760,Kids,TRUE,12,911,Jatri
06-5182274,WZA5020,Health,TRUE,13,7628,Gigazoom
68-4212014,FDM8286,Industrial,FALSE,26,7875,Dablist
73-3783739,IMD8484,Home,TRUE,17,3978,Dynava
42-2026673,KXO4975,Industrial,TRUE,25,4456,Realfire
75-9113848,EPD3602,Health,TRUE,11,8474,Jabberbean
95-5986152,QOL7264,Games,FALSE,22,2241,Rhycero
79-2377380,EVS1168,Industrial,FALSE,45,838,Eamia
47-5673656,JQE9287,Computers,FALSE,23,5720,Skimia
67-7008687,ZGL6841,Books,TRUE,43,7846,Leenti
45-1230012,CCF5163,Movies,TRUE,17,2250,Youfeed
03-1736582,QPT1002,Outdoors,FALSE,17,6023,Divanoodle
08-8219016,XQJ9502,Jewelry,FALSE,46,8704,Brainlounge
79-5835529,JXX7554,Kids,TRUE,36,6755,Skimia
26-9545139,API7309,Games,TRUE,20,3602,Yotz
10-9913847,EPQ0964,Clothing,FALSE,31,2905,Meemm
16-2086310,IZT8124,Music,TRUE,39,1126,Meemm
51-3059868,SYX5673,Clothing,FALSE,18,4369,Thoughtblab
11-3042719,UZD2247,Clothing,TRUE,17,9876,Eimbee
18-8894173,BOL3657,Clothing,FALSE,45,1571,Jaloo
77-7537887,YIV7460,Tools,TRUE,40,6225,Wordtune
29-9946481,LKV5534,Grocery,FALSE,20,4946,Skinder
50-5049448,GJF9672,Baby,FALSE,29,1465,Zoonder
97-4922608,NTP9485,Computers,TRUE,25,1721,Meembee
19-1465255,YHU4806,Outdoors,TRUE,34,2992,Skimia
26-0151243,PNJ7790,Books,FALSE,45,9564,Linktype
15-7726648,LSS1939,Kids,FALSE,36,5171,Voonder
36-9498292,NKF5715,Health,TRUE,13,4917,JumpXS
20-4685560,RJE4188,Grocery,TRUE,33,6744,Skalith
69-3771792,YER8155,Garden,TRUE,44,513,Dabtype
56-1014799,JHW9686,Shoes,TRUE,24,4154,Feedbug
84-5608976,RLU1299,Automotive,FALSE,14,5438,Edgeblab
57-1806278,NEB1953,Sports,FALSE,24,2623,Skynoodle
38-8302332,SPQ3341,Outdoors,TRUE,30,4855,Lazz
03-1005958,SPG8659,Jewelry,FALSE,28,7813,Demimbu
57-2636735,OQB9507,Health,TRUE,23,9240,Jatri
37-3397546,TQM6304,Shoes,TRUE,28,2137,Plajo
64-4602138,KQO1807,Shoes,TRUE,40,8141,Quimm
63-3132981,XDJ8145,Tools,FALSE,31,7107,Buzzbean
70-5177169,KFW2975,Outdoors,TRUE,12,8917,JumpXS
61-2087922,XSO3219,Jewelry,FALSE,35,3261,Eire
50-9761356,BNN7881,Tools,FALSE,12,1858,Mybuzz
74-8309073,ZZZ2448,Games,TRUE,50,8363,Oyondu
46-1497383,GWY7349,Automotive,TRUE,38,9309,Photobug
48-6447099,GPJ1597,Grocery,TRUE,10,1322,Realbridge
48-9704974,QJA3491,Baby,FALSE,37,7147,Fanoodle
24-8996518,UYL0900,Health,TRUE,27,9940,Ailane
50-4785814,IGG3631,Beauty,FALSE,47,8310,Jamia
20-7734700,ZUQ4734,Baby,TRUE,33,676,Tagcat
29-0603556,IDR0210,Electronics,FALSE,20,460,Jabberstorm
45-6808365,VQU5506,Home,FALSE,47,6211,Dabtype
81-2233725,FWB7897,Books,FALSE,49,3094,Divavu
40-1002948,DCV7490,Baby,TRUE,19,4721,Pixonyx
76-6259634,YLA2801,Beauty,TRUE,15,7260,Kare
40-4619012,VTX6195,Shoes,FALSE,11,1149,Skyble
79-2463949,TXM7868,Electronics,FALSE,40,7926,Jabbersphere
86-7944255,YYM2015,Tools,TRUE,16,5983,Gabcube
96-3507335,GIP1987,Grocery,FALSE,32,1154,Jetpulse
55-5200681,QAR6376,Books,TRUE,37,5707,Meevee
52-7859800,RSY5377,Games,TRUE,15,4694,Meevee
12-5175357,MUE4793,Sports,FALSE,33,7014,Eayo
89-0581526,UEN7965,Sports,TRUE,15,7615,Linklinks
57-0617656,JVL2920,Electronics,FALSE,19,8534,Realcube
79-3457148,ACC8799,Beauty,FALSE,17,3169,Rhyloo
32-8279442,UPH3286,Beauty,FALSE,43,4319,Flipstorm
91-3111688,JNY0497,Computers,FALSE,50,6156,Nlounge
70-0110473,VLA1551,Kids,FALSE,43,7118,Avavee
64-4546375,ANV6954,Beauty,TRUE,14,1625,Quamba
60-2646848,WJE2216,Jewelry,TRUE,41,4625,Rhyzio
12-2692282,DZT4612,Garden,TRUE,14,4048,Jatri
10-6730610,HLL0496,Beauty,FALSE,20,2118,Devbug
86-5319175,VOY0685,Automotive,FALSE,25,3220,Gigazoom
65-6110093,FAU6794,Tools,FALSE,35,8556,Livetube
85-7609076,GES5478,Industrial,TRUE,19,9904,Vinte
97-5372121,SEZ5714,Toys,TRUE,49,2104,Camimbo
79-5721333,CYA3625,Garden,TRUE,38,9032,Twitternation
72-4659226,YDU0527,Movies,FALSE,46,9889,Pixope
73-1582929,DQG6409,Grocery,TRUE,50,314,Livetube
78-0149579,IWA7448,Clothing,TRUE,22,9301,Youopia
06-6401770,RER5523,Electronics,FALSE,12,3160,Fivechat
01-5464322,NWQ6763,Shoes,FALSE,19,1146,Brightdog
73-2835095,LPJ9016,Industrial,TRUE,50,7843,Flipopia
68-5955959,LCA4558,Outdoors,FALSE,36,8480,Trudoo
88-8740148,EVB1152,Grocery,TRUE,12,8413,Eidel
12-9150245,UJV1150,Home,TRUE,26,1600,Mydo
69-4794705,WBR1089,Clothing,TRUE,38,7447,Bluejam
02-3749106,RTX6885,Movies,TRUE,27,6481,Shufflebeat
31-9936312,NJC5334,Electronics,TRUE,15,2983,Browseblab
01-9072132,IEB9628,Grocery,FALSE,27,4864,Yotz
96-5357035,OWK0675,Clothing,TRUE,19,7816,Gabvine
93-5196799,BVJ3180,Industrial,FALSE,34,3717,Meembee
61-1385357,AAW6661,Health,TRUE,42,2589,Realcube
58-7611952,XPJ0151,Shoes,TRUE,50,6467,Aibox
47-4488907,HUT5916,Industrial,FALSE,23,1949,Babbleset
36-4946773,XYT4204,Industrial,TRUE,24,492,Zoomlounge
54-1747298,BBR4005,Industrial,TRUE,27,3260,Oyoba
26-1020817,GVF5298,Tools,TRUE,38,1933,Ooba
11-6074673,DVX6872,Electronics,TRUE,10,6018,Fivebridge
06-2968966,WDQ7127,Movies,FALSE,30,3375,Yotz
81-4861970,WHW3123,Home,TRUE,31,5180,Eazzy
16-3064629,IUD5336,Beauty,TRUE,21,8738,Eazzy
40-1244607,YWN9666,Beauty,TRUE,45,2143,Katz
55-6799578,XFX7610,Sports,FALSE,46,4179,Vidoo
56-6502563,YHI9974,Baby,FALSE,44,2183,Gabspot
16-6007730,DNQ0794,Computers,FALSE,23,2719,Meedoo
86-9069270,SOY1401,Home,TRUE,44,5599,Yodel
17-9846068,QKJ0680,Garden,TRUE,29,8377,Muxo
28-5895564,MYN2352,Baby,TRUE,15,3426,Camido
48-5710228,CFQ8438,Baby,FALSE,28,1687,Tazz
21-0370336,SSB5142,Games,FALSE,49,5160,Jabberbean
39-7021763,NUV2765,Books,TRUE,18,5914,Topiczoom
97-5927914,LYY1453,Movies,TRUE,29,7020,Voolith
74-3329465,WXY2258,Music,FALSE,32,3959,Feednation
74-5418123,CHD3959,Industrial,TRUE,31,6459,Innojam
00-2694841,ROV6770,Electronics,FALSE,11,8406,Wikibox
23-1174045,HOI2052,Grocery,TRUE,38,8322,Innojam
53-7425880,XCV8813,Beauty,TRUE,13,3004,Brainsphere
10-5159131,FWP9165,Industrial,FALSE,19,6625,Mycat
89-4998932,RPR0011,Jewelry,TRUE,11,2752,LiveZ
08-3751546,WPM8045,Toys,TRUE,35,7736,Pixope
70-7583702,YGD0003,Health,FALSE,33,2386,Dabshots
26-7271559,WLK8729,Clothing,FALSE,33,2264,Rhynyx
36-5732286,ULU4624,Health,FALSE,42,8460,Skyba
28-6121014,BPF2221,Kids,FALSE,25,2759,Gabcube
06-9824278,IXC7665,Baby,FALSE,21,7401,Twinte
82-6696195,XMA0039,Music,FALSE,23,7291,Gigabox
92-9425449,TFT8456,Kids,FALSE,48,474,Feedbug
55-7250512,XBI5064,Grocery,TRUE,34,8527,Tagtune
14-2365225,SXX3101,Outdoors,FALSE,16,7803,Rhybox
22-5081286,UEY1967,Clothing,TRUE,35,1371,Wordpedia
55-5614060,LFH1207,Baby,FALSE,23,8613,Zoomdog
92-0943372,TJZ0660,Home,FALSE,44,771,Teklist
42-9019645,BKD8070,Jewelry,TRUE,23,5588,Oyope
01-6418702,EYN2671,Automotive,TRUE,48,9997,Babblestorm
48-2983960,YHW5540,Tools,FALSE,31,2544,Meemm
10-0539897,JMR8044,Toys,TRUE,10,9537,Jaxspan
99-3876765,IIU5971,Baby,TRUE,47,5571,InnoZ
80-7231999,YJE9028,Tools,FALSE,45,5034,Gabcube
91-4309021,DVB0355,Music,FALSE,36,1574,Realmix
63-6860419,DHX9513,Industrial,FALSE,23,6737,Linkbuzz
69-3823885,HXS1863,Electronics,TRUE,41,9503,Myworks
40-5094561,RAL0454,Industrial,FALSE,48,7178,Mybuzz
61-4117290,OQU0928,Home,FALSE,12,5249,Tagchat
40-5094562,HHB2755,Movies,TRUE,16,1012,Brightbean
61-4117291,KZD0407,Kids,FALSE,20,9771,Dabvine
40-5094563,CAY0321,Movies,FALSE,13,4728,Twinte
61-4117292,QQG4465,Outdoors,TRUE,41,5151,Youbridge
40-5094564,YYU8577,Music,TRUE,26,8500,Gigaclub
61-4117293,FJK9572,Music,FALSE,17,7294,Reallinks
88-6876099,TUA5924,Grocery,TRUE,21,9979,Brightbean
95-0867521,WPO5672,Books,FALSE,24,2147,Centimia
40-5094565,YVL9182,Grocery,FALSE,11,3715,Voolia
61-4117294,FZX8910,Jewelry,TRUE,31,7441,Teklist
95-0867522,HCK7785,Movies,TRUE,38,1232,Camimbo
40-5094566,LFB4635,Shoes,FALSE,17,6908,Realpoint
61-4117295,PXF0695,Shoes,FALSE,32,9796,Photofeed
95-0867523,XBF3891,Garden,FALSE,21,2942,Latz
40-5094567,ZTG2298,Grocery,FALSE,10,3062,Vitz
61-4117296,QSE1028,Books,TRUE,50,4466,Brightdog
95-0867524,VLW1820,Shoes,FALSE,44,9481,Lajo
40-5094568,HRB6644,Movies,FALSE,21,5400,Devify
74-0312986,PBA2262,Outdoors,TRUE,17,2264,Divavu
36-2627089,SJJ5070,Kids,FALSE,21,3639,Brightdog
45-4675760,WVO0168,Sports,TRUE,10,4689,Gigashots
47-2444243,BCC1190,Shoes,FALSE,28,1392,Realbuzz
10-3925141,FMV0439,Movies,TRUE,42,7167,Linklinks
00-8154137,AAV5216,Shoes,FALSE,28,5694,Jaloo
74-3684256,SEF3601,Grocery,TRUE,20,5343,Voonder
02-0570720,YEO4507,Outdoors,FALSE,12,6972,Pixoboo
06-1534734,AWE8500,Health,FALSE,10,1335,Skiba
20-5601570,HJT1738,Computers,TRUE,50,7129,Tanoodle
88-2038046,WTR3139,Outdoors,TRUE,34,4388,Kaymbo
59-0726607,XMT2957,Grocery,TRUE,24,5749,Blogtags
44-8050414,KFF8529,Outdoors,FALSE,43,3128,Eamia
23-1720597,OOG4305,Home,FALSE,50,5985,Browsecat
05-2306062,VZJ9078,Books,FALSE,20,2674,Camimbo
33-9708434,ZFL0156,Clothing,FALSE,43,4479,Yodel
46-6213348,XFU2936,Health,TRUE,23,7586,Midel
51-6818588,ESE9831,Sports,FALSE,41,299,Browsezoom
79-3670566,IRX0703,Books,FALSE,31,4020,Oloo
67-0272229,CWM8141,Outdoors,TRUE,27,5474,Blogtag
70-4492277,CMC3684,Outdoors,FALSE,23,7925,Blogspan
89-2783737,EZX3281,Beauty,FALSE,49,9788,Yata
20-2862788,BJP5441,Sports,TRUE,11,1291,Brightdog
80-7172753,WRT0906,Shoes,TRUE,16,9393,Plambee
41-8238555,ZIW2948,Baby,TRUE,26,2413,Abata
04-6183468,HBQ6833,Industrial,FALSE,13,9481,Trudoo
70-2658002,MDZ4918,Books,FALSE,23,3025,Avaveo
13-9167011,OJA4732,Tools,TRUE,31,5779,Twiyo
45-8962057,YIJ3714,Tools,FALSE,41,665,Twitterworks
30-4723067,LXG1182,Books,FALSE,47,6492,Cogibox
07-4268541,GZV4793,Beauty,FALSE,21,3589,Bubbletube
02-9533453,SEY1004,Automotive,TRUE,43,1941,Aibox
20-8178202,FLD0813,Industrial,TRUE,43,7561,Aivee
73-3856382,MHI1670,Outdoors,FALSE,12,2881,Chatterbridge
18-8908782,KIN3874,Toys,FALSE,30,774,Feedbug
10-7866678,VFW7561,Baby,FALSE,16,4948,Linkbuzz
38-6744307,YYK7336,Books,TRUE,32,8385,Flashdog
03-7140018,RDK6548,Health,TRUE,25,2668,Youtags
68-2976167,XIZ3104,Movies,TRUE,43,1126,Shufflester
33-0376935,EZL3795,Music,TRUE,11,7128,Twitterwire
77-4828260,ODP1287,Health,FALSE,16,3198,Centimia
10-7088314,DCF6261,Games,TRUE,37,444,Vitz
63-3917609,UOZ2132,Shoes,FALSE,38,7990,Lazzy
45-5739311,WTA3339,Movies,TRUE,14,8405,Jayo
73-0425268,CEB4124,Computers,FALSE,42,3961,Gevee
61-2831162,PYS8635,Toys,TRUE,36,4080,Buzzshare
89-7900032,MJX7087,Games,FALSE,10,8995,Vinder
47-5043414,HAG4640,Computers,TRUE,34,286,Latz
09-2526397,FOM1631,Baby,FALSE,19,6497,Dabfeed
23-1806046,GJE9143,Grocery,FALSE,25,2886,Topiclounge
06-2933844,FYY1882,Beauty,TRUE,15,2229,Kayveo
77-2385343,CTE4383,Kids,FALSE,43,691,Skipfire
74-9530539,ZAO8778,Books,TRUE,12,5103,Youtags
21-5093278,MRO5916,Garden,TRUE,49,280,Photobean
69-8254244,PUI9704,Outdoors,FALSE,16,7126,Dazzlesphere
97-3195478,BEA9980,Kids,TRUE,17,9775,Latz
46-7447922,IHV2974,Movies,TRUE,25,963,Skyba
05-6557197,ORT2604,Baby,FALSE,14,8294,Skinder
61-6993052,XDA9810,Health,FALSE,12,639,Blogtags
55-2713327,WBA8361,Industrial,TRUE,45,2907,Shuffletag
95-1510028,LHN3976,Grocery,FALSE,40,2040,Realbuzz
45-1327581,QSW5434,Shoes,FALSE,31,8349,Camimbo
01-0945404,RLJ0476,Shoes,FALSE,50,1776,Aimbo
48-3088199,DUF7951,Shoes,FALSE,11,9905,Edgewire
50-3390825,SWB2029,Games,TRUE,43,9434,Linkbuzz
27-3387732,VAW2186,Sports,FALSE,16,2737,Pixoboo
25-4228841,HWW7518,Shoes,TRUE,38,5853,Gigazoom
55-6363216,YJX0302,Jewelry,TRUE,42,8598,Twinder
83-1478062,IWU1146,Garden,FALSE,15,8961,Digitube
49-4567895,NZR0137,Baby,FALSE,17,784,Wikizz
66-4580010,YBP1812,Shoes,TRUE,24,9827,Leexo
31-8668836,UOG7846,Music,TRUE,43,6474,Twitternation
37-3318687,GKP7387,Electronics,FALSE,33,2264,Eire
73-4034392,ABQ6599,Shoes,FALSE,15,1773,Meejo
59-0613380,TUG6489,Outdoors,FALSE,10,6913,Janyx
91-8372837,ABB9939,Beauty,TRUE,24,2373,Centizu
64-5555859,OGQ2898,Movies,TRUE,49,4459,Meembee
91-4905332,UUV1329,Grocery,FALSE,31,3073,Quimm
36-3946324,NIC9645,Tools,FALSE,10,7054,Izio
63-0225553,PTN6580,Beauty,FALSE,20,2760,Photobug
82-0346821,TVP1071,Tools,TRUE,33,7138,Oyoloo
23-5430609,ZGH4990,Electronics,FALSE,38,729,Trudoo
97-0312961,JQW0609,Tools,FALSE,21,7936,Janyx
56-2384573,UJB5564,Beauty,TRUE,34,3717,Npath
89-3988065,JTM2487,Kids,FALSE,39,1352,Wikizz
54-0464426,NXY2258,Industrial,FALSE,21,5178,Yata
82-9170105,RQL3636,Health,TRUE,44,5089,Kayveo
24-8332769,BGD8322,Shoes,TRUE,36,325,Twinder
37-3485138,MZG1694,Home,FALSE,43,8851,Wikido
20-0325517,PBL8787,Games,FALSE,34,9381,Flipstorm
40-1324439,ZCA3293,Games,TRUE,39,3131,Trilia
35-2053322,BOK8140,Beauty,TRUE,19,4413,Blogtags
06-0844323,GVX8890,Outdoors,FALSE,29,6206,Zazio
68-6001837,WGO3688,Movies,TRUE,38,7837,Twimm
38-9989665,QNA2345,Beauty,TRUE,19,8400,Minyx
88-0844685,GJN5069,Shoes,TRUE,26,6332,Jabbersphere
96-5881676,RZP9813,Computers,TRUE,17,7596,Edgetag
70-6039996,LGC5667,Electronics,FALSE,25,7807,Vidoo
58-6621792,OZZ4642,Outdoors,FALSE,15,3156,Zoovu
19-4262822,JDQ0022,Industrial,FALSE,29,3713,Plajo
56-8268199,AGY8114,Games,TRUE,50,9324,Twinte
15-7200973,VNW7657,Beauty,TRUE,39,3962,Brainbox
69-8058350,UZS0622,Computers,TRUE,35,9957,Zooxo
72-2824074,QVQ2004,Garden,TRUE,43,3686,Yakitri
26-1746863,CZZ7839,Home,FALSE,42,4884,Layo
15-5714940,DQU5887,Books,TRUE,18,4920,Bubblemix
45-8695917,YGC4130,Garden,TRUE,18,8177,Cogilith
99-2370194,UDB3602,Industrial,TRUE,14,6445,Linklinks
57-9958528,PWC8303,Jewelry,FALSE,39,8806,DabZ
37-6197566,OWN6228,Clothing,FALSE,16,4477,Mydo
21-7225441,BYT4409,Shoes,TRUE,28,430,Rhyzio
09-5480280,PFU7551,Books,TRUE,12,8398,Ntags
50-7141193,MSQ4564,Baby,TRUE,14,1057,Yoveo
15-9134977,CNT6207,Grocery,FALSE,33,546,Livetube
74-0669498,FXJ8926,Books,FALSE,44,5243,Meemm
84-6567700,NVV3721,Health,TRUE,26,779,Skilith
47-5363610,HDX2781,Health,FALSE,48,4691,Layo
66-3248417,UPY4110,Jewelry,FALSE,27,5992,Thoughtsphere
69-1370657,VNR0265,Music,FALSE,50,7816,Ntag
95-1260573,OJU0643,Electronics,FALSE,26,5214,Kayveo
10-9746813,ORB0950,Books,TRUE,48,3150,Kwimbee
85-6912243,SEI6725,Shoes,FALSE,50,848,Zoombox
22-9161954,TAA8007,Health,TRUE,22,1535,Jabbersphere
14-6848189,FMI5239,Games,FALSE,50,6075,Skiba
84-8460028,YQY7345,Tools,FALSE,40,2031,Mynte
24-9136570,LKY9981,Outdoors,TRUE,48,4147,Rhyloo
73-2084397,HHC5004,Home,TRUE,15,448,Wordpedia
16-7074395,RFD8088,Automotive,TRUE,15,3588,Centimia
10-4127325,BKZ0336,Automotive,FALSE,21,7115,Innojam
15-7882239,SFN1137,Health,FALSE,28,627,Realcube
59-1920493,RHU7931,Toys,FALSE,22,2753,Youtags
12-3641644,WLH3926,Computers,FALSE,29,2498,Agimba
18-6757693,QHV0188,Computers,FALSE,47,3316,Skippad
85-4356037,NQN9440,Baby,FALSE,47,9300,Gabvine
75-9100963,CLA6108,Movies,FALSE,24,5681,Vimbo
74-4971349,VOW5958,Electronics,FALSE,17,8606,Kwinu
55-1068692,INR5798,Health,FALSE,36,1403,Midel
97-0524859,ADV3521,Grocery,FALSE,29,1105,Skiptube
36-0435032,ZSL3029,Baby,TRUE,43,4857,Eare
37-0767593,BHO7644,Jewelry,TRUE,49,8156,Zoozzy
22-2328193,BML1257,Movies,TRUE,43,1449,Vinte
15-9122396,CDR2930,Beauty,TRUE,25,5857,Muxo
50-6555742,IYD8466,Kids,FALSE,30,4708,Blogpad
00-5797018,FQC5925,Outdoors,FALSE,42,9777,Dablist
85-4424062,OFJ2764,Industrial,TRUE,28,5726,Kazio
52-8321224,XZX4080,Outdoors,TRUE,31,2971,Realfire
62-1023954,PDF8593,Beauty,TRUE,26,3553,Buzzster
31-9991748,CIK3642,Outdoors,TRUE,38,9863,Kwideo
14-0299404,TTR6555,Music,TRUE,29,6246,Ooba
31-4145489,FXV0559,Industrial,FALSE,47,5500,Realblab
02-0247594,STD7344,Industrial,TRUE,26,8794,Skilith
94-8833960,EOG6621,Home,TRUE,27,4425,Jamia
54-8672727,ZFL9845,Grocery,FALSE,35,779,Realblab
13-5733729,AHR1241,Garden,TRUE,41,5561,Tazz
73-3993835,IXF0895,Health,FALSE,17,8086,Skajo
75-1790188,BFW8385,Kids,FALSE,16,9721,Katz
40-9912484,PNB1205,Beauty,FALSE,41,6698,Shuffledrive
37-6475904,NLJ0830,Garden,TRUE,34,7269,Tavu
37-0187651,BQC0340,Beauty,TRUE,33,2824,Trilith
22-6050856,XFP2129,Music,FALSE,28,3814,Trudeo
98-7546013,NFM6171,Home,FALSE,19,9441,Thoughtmix
81-1701756,DCE9029,Sports,TRUE,35,5418,Browsezoom
52-6160546,FYW3772,Health,FALSE,28,7774,Zazio
54-2396311,MBI6371,Industrial,TRUE,21,9539,Browseblab
28-6287906,LFB4635,Shoes,FALSE,17,6908,Realpoint
19-6902720,PXF0695,Shoes,FALSE,32,9796,Photofeed
71-6187731,XBF3891,Garden,FALSE,21,2942,Latz
34-8248070,ZTG2298,Grocery,FALSE,10,3062,Vitz
72-2277311,QSE1028,Books,TRUE,50,4466,Brightdog
89-3010425,VLW1820,Shoes,FALSE,44,9481,Lajo
94-5740530,HRB6644,Movies,FALSE,21,5400,Devify
84-4198372,PBA2262,Outdoors,TRUE,17,2264,Divavu
78-2006762,SJJ5070,Kids,FALSE,21,3639,Brightdog
25-4009377,WVO0168,Sports,TRUE,10,4689,Gigashots
39-5885799,BCC1190,Shoes,FALSE,28,1392,Realbuzz
63-3670380,FMV0439,Movies,TRUE,42,7167,Linklinks
72-0435539,AAV5216,Shoes,FALSE,28,5694,Jaloo
44-4984210,SEF3601,Grocery,TRUE,20,5343,Voonder
56-6833285,YEO4507,Outdoors,FALSE,12,6972,Pixoboo
31-5806915,AWE8500,Health,FALSE,10,1335,Skiba
75-9705705,HJT1738,Computers,TRUE,50,7129,Tanoodle
34-8318942,WTR3139,Outdoors,TRUE,34,4388,Kaymbo
68-3556694,XMT2957,Grocery,TRUE,24,5749,Blogtags
48-0724824,KFF8529,Outdoors,FALSE,43,3128,Eamia
69-3123600,OOG4305,Home,FALSE,50,5985,Browsecat
22-1861930,VZJ9078,Books,FALSE,20,2674,Camimbo
06-8970159,RAA3556,Home,FALSE,15,922,Oyonder
83-3109717,EDF8271,Grocery,FALSE,28,3481,Yacero
70-7898517,IFL5291,Electronics,TRUE,23,6166,Zazio
67-0808831,PJI8216,Health,TRUE,29,2451,Yamia
99-7297613,WFN1444,Electronics,FALSE,25,7840,Zoomcast
17-0539265,OFW4261,Toys,TRUE,30,4832,Rooxo
51-2463581,BRW4835,Clothing,FALSE,21,782,Jazzy
41-3094089,SAY9887,Baby,TRUE,34,3369,Feednation
14-0791878,DNF0847,Industrial,FALSE,33,6381,Yozio
30-2796558,BNC0485,Games,FALSE,21,3160,Edgewire
18-5671407,NNL7673,Baby,FALSE,30,5509,Skidoo
47-9626984,DXC7674,Movies,FALSE,47,7364,Jaxworks
24-8238060,WCP2990,Beauty,TRUE,50,9267,Edgetag
37-9755920,PDN0600,Kids,FALSE,38,8049,Katz
86-4219808,NDS7241,Home,FALSE,30,5073,Meembee
43-4081247,QVQ0106,Health,TRUE,17,6197,Jaxnation
55-0726953,ZEY3071,Kids,TRUE,48,8250,Jabbersphere
62-4693881,ZQN4812,Industrial,TRUE,23,799,Feedfish
36-3091493,ONU7855,Shoes,FALSE,38,8845,Wordware
80-9815761,ATU6656,Shoes,TRUE,32,8917,Skipfire
89-5984432,VSS8974,Games,TRUE,19,7338,Dabtype
72-3682223,IUG8515,Automotive,TRUE,30,2120,Skyble
09-0394965,CAG4087,Garden,TRUE,19,8628,Realcube
55-1641746,CCS6338,Automotive,FALSE,17,4407,LiveZ
68-0496991,VFT9490,Clothing,TRUE,42,4588,Meetz
42-3686129,GWC8652,Jewelry,TRUE,30,9531,InnoZ
71-8405701,VGD7176,Kids,TRUE,22,1272,Kazio
84-8732680,MEH8847,Computers,TRUE,40,7400,Dynabox
08-2534017,ISV4300,Jewelry,TRUE,38,8906,Chatterbridge
67-3967519,BAC4342,Electronics,FALSE,32,7890,Twimbo
61-0954796,ITI6311,Sports,FALSE,33,5598,Skynoodle
42-0033846,ZMA3242,Tools,FALSE,42,4022,Wikizz
13-2552587,NUM0172,Garden,TRUE,40,425,Browseblab
79-6745721,XOL6676,Toys,FALSE,36,7528,Brainbox
80-1507780,TEH1742,Shoes,FALSE,34,7794,Babbleblab
92-8850290,MPN4216,Industrial,TRUE,25,8104,Lazzy
41-3214459,AGH2464,Movies,TRUE,31,1461,Thoughtstorm
86-7318942,JJV3997,Electronics,TRUE,31,9135,Mybuzz
88-9068569,RLD9979,Clothing,FALSE,46,5058,Latz
77-9402518,SML0746,Beauty,TRUE,47,2473,Yombu
55-7019961,WZS2928,Games,TRUE,40,8162,Oloo
01-7889944,TEM6059,Baby,FALSE,37,7629,Zoomdog
67-6902090,RHP4586,Games,TRUE,50,2319,Fliptune
85-9808272,DRI0832,Games,TRUE,25,5237,Oloo
10-3480807,MJT4428,Beauty,FALSE,36,1542,Skippad
93-8655532,NWC9079,Jewelry,TRUE,47,7419,Zoombox
30-7847782,HDT7828,Tools,FALSE,37,985,Shuffletag
92-3237999,COJ9331,Outdoors,FALSE,41,8012,Dabshots
57-6767318,MOC7796,Electronics,FALSE,42,4103,Bluejam
72-2916993,ECO9492,Automotive,FALSE,39,4040,Zoonder
91-2903723,AOZ6757,Sports,FALSE,14,4623,Reallinks
99-6494884,SSM2032,Kids,TRUE,17,2051,Flashpoint
51-7276317,NDG7733,Movies,FALSE,43,6652,Yacero
80-4030178,NUJ7558,Jewelry,TRUE,24,2754,Gigabox
69-1784849,JFF7409,Computers,TRUE,18,3982,Realbridge
01-4469031,AZD3423,Grocery,FALSE,43,5739,Photolist
72-4393700,DTY9743,Clothing,FALSE,18,9528,Eamia
39-6998193,EDW8476,Music,TRUE,15,9335,Skipstorm
00-1509297,ZGX9332,Grocery,FALSE,32,8397,Rhycero
96-0839002,ISE3842,Health,TRUE,35,9763,Abatz
65-5798239,Jun-75,Sports,FALSE,29,3959,Oyoba
66-0803466,FKE1158,Movies,TRUE,41,8212,Dabtype
59-4750986,DNW5821,Music,TRUE,50,2796,Feedmix
35-7562589,NQK7938,Books,FALSE,38,9178,Twitternation
33-1283142,CIZ7906,Home,TRUE,49,5999,Thoughtblab
31-6698938,GXH1135,Movies,FALSE,21,8336,Mydo
26-1979881,WOR2617,Books,FALSE,42,2159,Flashspan
50-9061906,YAP8345,Garden,TRUE,24,7691,Ooba
66-2115849,GED6989,Shoes,TRUE,25,7837,Zoomdog
73-6473959,HBB8400,Sports,TRUE,18,2959,Yacero
21-2243941,VER6346,Sports,FALSE,50,9053,Trudoo
57-6893909,ZCH6322,Beauty,FALSE,40,7302,Mydeo
40-3402955,VXD3248,Toys,TRUE,50,3404,Dabfeed
56-0144422,SOD8716,Electronics,FALSE,11,4242,Omba
56-1672130,RKI2859,Outdoors,FALSE,23,6207,Blogtag
36-6759697,HUN0369,Clothing,FALSE,18,7116,Skimia
88-9124017,WHE8190,Health,TRUE,45,6699,Yakitri
64-4615489,UUJ0134,Baby,FALSE,32,5319,Yabox
08-1862399,JFA6096,Electronics,TRUE,17,7678,Pixope
02-7573369,NQD2900,Tools,FALSE,17,9446,Quinu
53-8149757,TLY1144,Baby,FALSE,41,4761,Blogtags
32-6374202,FGJ2203,Movies,TRUE,35,9039,Kaymbo
79-7973184,BGF1158,Automotive,FALSE,43,392,Teklist
04-8742568,ESS5989,Garden,FALSE,10,6117,Flipstorm
28-4403896,FTJ2977,Shoes,FALSE,12,6225,Vinte
26-6991683,TLK8778,Music,FALSE,25,5448,Mita
86-3355965,PIQ0269,Toys,FALSE,22,6355,Yodoo
12-2839771,VRP7380,Computers,FALSE,14,7477,Skiba
98-0981672,MBY3987,Toys,FALSE,24,211,Blogpad
52-6968368,KAG9541,Beauty,TRUE,10,5674,Yakijo
82-2034492,HUA4671,Electronics,FALSE,19,3135,Innojam
59-8912680,HPZ8942,Beauty,TRUE,16,2067,Tanoodle
01-9935432,JHJ2864,Health,TRUE,46,3203,Skipstorm
93-0553637,TCM2226,Shoes,FALSE,31,2077,Brainsphere
25-6180781,GHR3728,Kids,FALSE,16,3936,Rhyzio
40-7868188,ACL2653,Tools,TRUE,28,1425,Realfire
51-4930667,TOD4318,Home,FALSE,33,2074,Skyble
66-4787980,WFJ4047,Beauty,FALSE,25,1956,Zoombeat
34-9502598,FCA0015,Grocery,FALSE,35,2399,Thoughtstorm
56-1874113,WXM6386,Games,FALSE,12,5892,Jabbertype
97-0542282,SJZ3115,Music,TRUE,19,8054,Jabbersphere
23-4080336,LIJ2806,Industrial,TRUE,37,9293,Jabbertype
96-6042647,ISE7524,Movies,TRUE,11,372,Feedfish
05-8110449,EJJ7323,Toys,TRUE,24,2202,Twinte
82-9263678,HNV9313,Electronics,FALSE,23,7991,Rhynoodle
56-7314621,FJV2939,Clothing,TRUE,20,6470,Dynazzy
39-6613024,VRA9141,Toys,TRUE,15,3366,Youfeed
00-9844397,KIA3678,Games,FALSE,17,3201,Gabvine
59-7668520,HQC0529,Tools,TRUE,43,8965,Zoozzy
56-3926031,SIC5939,Garden,FALSE,19,4834,Youbridge
82-3665695,MNY5999,Clothing,FALSE,43,2024,Divavu
40-1510628,EPD8135,Baby,TRUE,14,8939,Wordify
43-2798681,UTD0422,Computers,FALSE,42,5847,Eayo
73-0629783,LVD0225,Grocery,FALSE,14,2999,Demivee
64-9194325,NAV4028,Electronics,FALSE,21,7342,Kanoodle
17-6163596,GWS8260,Garden,FALSE,40,5101,Devbug
95-3829076,FGG7400,Tools,TRUE,13,9671,Roodel
15-1612408,WTU2031,Tools,FALSE,44,9007,Eadel
10-5501575,KXO4975,Industrial,TRUE,25,4456,Realfire
09-5168411,EPD3602,Health,TRUE,11,8474,Jabberbean
24-8476938,QOL7264,Games,FALSE,22,2241,Rhycero
69-6674775,EVS1168,Industrial,FALSE,45,838,Eamia
76-0590071,JQE9287,Computers,FALSE,23,5720,Skimia
77-8301696,ZGL6841,Books,TRUE,43,7846,Leenti
14-4778935,CCF5163,Movies,TRUE,17,2250,Youfeed
13-6797499,QPT1002,Outdoors,FALSE,17,6023,Divanoodle
08-8686818,XQJ9502,Jewelry,FALSE,46,8704,Brainlounge
72-6769218,JXX7554,Kids,TRUE,36,6755,Skimia
93-8131586,API7309,Games,TRUE,20,3602,Yotz
12-0799082,EPQ0964,Clothing,FALSE,31,2905,Meemm
24-4613939,IZT8124,Music,TRUE,39,1126,Meemm
71-0677368,SYX5673,Clothing,FALSE,18,4369,Thoughtblab
66-8575210,UZD2247,Clothing,TRUE,17,9876,Eimbee
23-6242914,BOL3657,Clothing,FALSE,45,1571,Jaloo
34-4066295,YIV7460,Tools,TRUE,40,6225,Wordtune
82-0706310,LKV5534,Grocery,FALSE,20,4946,Skinder
29-9053450,GJF9672,Baby,FALSE,29,1465,Zoonder
96-0425496,NTP9485,Computers,TRUE,25,1721,Meembee
13-8294603,YHU4806,Outdoors,TRUE,34,2992,Skimia
95-2555629,PNJ7790,Books,FALSE,45,9564,Linktype
58-1274061,LSS1939,Kids,FALSE,36,5171,Voonder
02-2999940,NKF5715,Health,TRUE,13,4917,JumpXS
82-0157914,RJE4188,Grocery,TRUE,33,6744,Skalith
17-4667701,YER8155,Garden,TRUE,44,513,Dabtype
97-3542772,JHW9686,Shoes,TRUE,24,4154,Feedbug
08-4644187,RLU1299,Automotive,FALSE,14,5438,Edgeblab
91-5790647,NEB1953,Sports,FALSE,24,2623,Skynoodle
30-2738056,SPQ3341,Outdoors,TRUE,30,4855,Lazz
69-0597260,SPG8659,Jewelry,FALSE,28,7813,Demimbu
04-0039443,OQB9507,Health,TRUE,23,9240,Jatri
35-8562853,TQM6304,Shoes,TRUE,28,2137,Plajo
07-8551560,KQO1807,Shoes,TRUE,40,8141,Quimm
35-5560559,XDJ8145,Tools,FALSE,31,7107,Buzzbean
27-1745846,KFW2975,Outdoors,TRUE,12,8917,JumpXS
22-3952504,XSO3219,Jewelry,FALSE,35,3261,Eire
52-4618877,BNN7881,Tools,FALSE,12,1858,Mybuzz
48-2545447,ZZZ2448,Games,TRUE,50,8363,Oyondu
98-5224868,GWY7349,Automotive,TRUE,38,9309,Photobug
58-6285099,GPJ1597,Grocery,TRUE,10,1322,Realbridge
26-1879095,QJA3491,Baby,FALSE,37,7147,Fanoodle
20-1198127,UYL0900,Health,TRUE,27,9940,Ailane
75-8688421,IGG3631,Beauty,FALSE,47,8310,Jamia
18-8332043,ZUQ4734,Baby,TRUE,33,676,Tagcat
56-2138166,IDR0210,Electronics,FALSE,20,460,Jabberstorm
00-5540678,VQU5506,Home,FALSE,47,6211,Dabtype
03-4408593,FWB7897,Books,FALSE,49,3094,Divavu
96-5387142,DCV7490,Baby,TRUE,19,4721,Pixonyx
46-6310528,YLA2801,Beauty,TRUE,15,7260,Kare
50-1192305,VTX6195,Shoes,FALSE,11,1149,Skyble
13-5635405,TXM7868,Electronics,FALSE,40,7926,Jabbersphere
22-8436088,YYM2015,Tools,TRUE,16,5983,Gabcube
26-4512640,GIP1987,Grocery,FALSE,32,1154,Jetpulse
25-7098570,QAR6376,Books,TRUE,37,5707,Meevee
62-8606264,RSY5377,Games,TRUE,15,4694,Meevee
22-4767013,MUE4793,Sports,FALSE,33,7014,Eayo
48-0939466,UEN7965,Sports,TRUE,15,7615,Linklinks
37-0926045,JVL2920,Electronics,FALSE,19,8534,Realcube
04-8359459,ACC8799,Beauty,FALSE,17,3169,Rhyloo
89-9312380,UPH3286,Beauty,FALSE,43,4319,Flipstorm
65-9878313,JNY0497,Computers,FALSE,50,6156,Nlounge
54-0156422,VLA1551,Kids,FALSE,43,7118,Avavee
36-3637714,ANV6954,Beauty,TRUE,14,1625,Quamba
14-4723037,WJE2216,Jewelry,TRUE,41,4625,Rhyzio
36-6834124,DZT4612,Garden,TRUE,14,4048,Jatri
73-0621915,HLL0496,Beauty,FALSE,20,2118,Devbug
94-8399020,VOY0685,Automotive,FALSE,25,3220,Gigazoom
38-4485821,FAU6794,Tools,FALSE,35,8556,Livetube
92-9083415,GES5478,Industrial,TRUE,19,9904,Vinte
55-9927202,SEZ5714,Toys,TRUE,49,2104,Camimbo
45-5905675,CYA3625,Garden,TRUE,38,9032,Twitternation
06-4925971,YDU0527,Movies,FALSE,46,9889,Pixope
56-0091631,DQG6409,Grocery,TRUE,50,314,Livetube
90-9964360,IWA7448,Clothing,TRUE,22,9301,Youopia
19-9905716,RER5523,Electronics,FALSE,12,3160,Fivechat
21-4511120,NWQ6763,Shoes,FALSE,19,1146,Brightdog
15-8599464,LPJ9016,Industrial,TRUE,50,7843,Flipopia
73-4090520,LCA4558,Outdoors,FALSE,36,8480,Trudoo
38-7644746,EVB1152,Grocery,TRUE,12,8413,Eidel
92-6395677,UJV1150,Home,TRUE,26,1600,Mydo
46-0301504,WBR1089,Clothing,TRUE,38,7447,Bluejam
19-4380574,RTX6885,Movies,TRUE,27,6481,Shufflebeat
52-9204191,NJC5334,Electronics,TRUE,15,2983,Browseblab
98-0461163,IEB9628,Grocery,FALSE,27,4864,Yotz
38-3326923,OWK0675,Clothing,TRUE,19,7816,Gabvine
27-1436055,BVJ3180,Industrial,FALSE,34,3717,Meembee
52-1952356,AAW6661,Health,TRUE,42,2589,Realcube
85-8008355,XPJ0151,Shoes,TRUE,50,6467,Aibox
99-0294728,HUT5916,Industrial,FALSE,23,1949,Babbleset
96-2955750,XYT4204,Industrial,TRUE,24,492,Zoomlounge
31-1519428,BBR4005,Industrial,TRUE,27,3260,Oyoba
96-6603415,GVF5298,Tools,TRUE,38,1933,Ooba
99-1414642,DVX6872,Electronics,TRUE,10,6018,Fivebridge
84-2564176,WDQ7127,Movies,FALSE,30,3375,Yotz
89-3833350,WHW3123,Home,TRUE,31,5180,Eazzy
53-8928494,IUD5336,Beauty,TRUE,21,8738,Eazzy
60-5429390,YWN9666,Beauty,TRUE,45,2143,Katz
02-7618038,XFX7610,Sports,FALSE,46,4179,Vidoo
00-2623715,YHI9974,Baby,FALSE,44,2183,Gabspot
48-1998205,DNQ0794,Computers,FALSE,23,2719,Meedoo
67-3952064,SOY1401,Home,TRUE,44,5599,Yodel
47-1867449,QKJ0680,Garden,TRUE,29,8377,Muxo
01-8405843,MYN2352,Baby,TRUE,15,3426,Camido
21-5851226,CFQ8438,Baby,FALSE,28,1687,Tazz
23-1901116,SSB5142,Games,FALSE,49,5160,Jabberbean
87-7573048,NUV2765,Books,TRUE,18,5914,Topiczoom
96-6518515,LYY1453,Movies,TRUE,29,7020,Voolith
86-5754358,WXY2258,Music,FALSE,32,3959,Feednation
48-2114950,CHD3959,Industrial,TRUE,31,6459,Innojam
42-2669667,ROV6770,Electronics,FALSE,11,8406,Wikibox
08-8920287,HOI2052,Grocery,TRUE,38,8322,Innojam
38-3189367,XCV8813,Beauty,TRUE,13,3004,Brainsphere
87-3145016,FWP9165,Industrial,FALSE,19,6625,Mycat
39-7925513,RPR0011,Jewelry,TRUE,11,2752,LiveZ
43-0463344,WPM8045,Toys,TRUE,35,7736,Pixope
57-8234888,YGD0003,Health,FALSE,33,2386,Dabshots
11-6272451,WLK8729,Clothing,FALSE,33,2264,Rhynyx
73-9359978,ULU4624,Health,FALSE,42,8460,Skyba
87-4215582,BPF2221,Kids,FALSE,25,2759,Gabcube
39-6375261,IXC7665,Baby,FALSE,21,7401,Twinte
02-1830170,XMA0039,Music,FALSE,23,7291,Gigabox
87-3350440,TFT8456,Kids,FALSE,48,474,Feedbug
50-1505406,XBI5064,Grocery,TRUE,34,8527,Tagtune
52-2049538,SXX3101,Outdoors,FALSE,16,7803,Rhybox
18-4451848,UEY1967,Clothing,TRUE,35,1371,Wordpedia
28-6522710,LFH1207,Baby,FALSE,23,8613,Zoomdog
29-1556222,TJZ0660,Home,FALSE,44,771,Teklist
96-4007857,BKD8070,Jewelry,TRUE,23,5588,Oyope
78-9645436,EYN2671,Automotive,TRUE,48,9997,Babblestorm
06-1831229,YHW5540,Tools,FALSE,31,2544,Meemm
74-9144958,JMR8044,Toys,TRUE,10,9537,Jaxspan
41-0030529,IIU5971,Baby,TRUE,47,5571,InnoZ
20-6546046,YJE9028,Tools,FALSE,45,5034,Gabcube
61-7295020,DVB0355,Music,FALSE,36,1574,Realmix
51-6432036,DHX9513,Industrial,FALSE,23,6737,Linkbuzz
71-2344160,HXS1863,Electronics,TRUE,41,9503,Myworks
39-9956854,RAL0454,Industrial,FALSE,48,7178,Mybuzz
81-3126243,OQU0928,Home,FALSE,12,5249,Tagchat
31-5949284,HHB2755,Movies,TRUE,16,1012,Brightbean
60-6280292,KZD0407,Kids,FALSE,20,9771,Dabvine
85-7388569,CAY0321,Movies,FALSE,13,4728,Twinte
92-7651210,QQG4465,Outdoors,TRUE,41,5151,Youbridge
02-6240908,YYU8577,Music,TRUE,26,8500,Gigaclub
28-9716408,FJK9572,Music,FALSE,17,7294,Reallinks
05-2063610,TUA5924,Grocery,TRUE,21,9979,Brightbean
05-4844718,WPO5672,Books,FALSE,24,2147,Centimia
07-2242834,YVL9182,Grocery,FALSE,11,3715,Voolia
40-3498313,FZX8910,Jewelry,TRUE,31,7441,Teklist
55-2204541,HCK7785,Movies,TRUE,38,1232,Camimbo
41-3733780,LFB4635,Shoes,FALSE,17,6908,Realpoint
43-0884016,PXF0695,Shoes,FALSE,32,9796,Photofeed
54-6628944,XBF3891,Garden,FALSE,21,2942,Latz
13-2380797,ZTG2298,Grocery,FALSE,10,3062,Vitz
13-2687023,QSE1028,Books,TRUE,50,4466,Brightdog
96-1706771,VLW1820,Shoes,FALSE,44,9481,Lajo
41-7994514,HRB6644,Movies,FALSE,21,5400,Devify
62-1897996,PBA2262,Outdoors,TRUE,17,2264,Divavu
12-0443819,SJJ5070,Kids,FALSE,21,3639,Brightdog
18-7851237,WVO0168,Sports,TRUE,10,4689,Gigashots
42-0811111,BCC1190,Shoes,FALSE,28,1392,Realbuzz
51-0255418,FMV0439,Movies,TRUE,42,7167,Linklinks
46-9303210,AAV5216,Shoes,FALSE,28,5694,Jaloo
64-8287613,SEF3601,Grocery,TRUE,20,5343,Voonder
70-6038821,YEO4507,Outdoors,FALSE,12,6972,Pixoboo
59-4037499,AWE8500,Health,FALSE,10,1335,Skiba
02-2157574,HJT1738,Computers,TRUE,50,7129,Tanoodle
66-6528250,WTR3139,Outdoors,TRUE,34,4388,Kaymbo
10-9939244,XMT2957,Grocery,TRUE,24,5749,Blogtags
70-2046244,KFF8529,Outdoors,FALSE,43,3128,Eamia
79-4432448,OOG4305,Home,FALSE,50,5985,Browsecat
12-1913627,VZJ9078,Books,FALSE,20,2674,Camimbo
23-6487068,ZFL0156,Clothing,FALSE,43,4479,Yodel
29-4752407,XFU2936,Health,TRUE,23,7586,Midel
47-6798746,ESE9831,Sports,FALSE,41,299,Browsezoom
70-3130730,IRX0703,Books,FALSE,31,4020,Oloo
77-0471770,CWM8141,Outdoors,TRUE,27,5474,Blogtag
96-9218432,CMC3684,Outdoors,FALSE,23,7925,Blogspan
72-4409603,EZX3281,Beauty,FALSE,49,9788,Yata
64-6570975,BJP5441,Sports,TRUE,11,1291,Brightdog
87-3679239,WRT0906,Shoes,TRUE,16,9393,Plambee
44-1539433,ZIW2948,Baby,TRUE,26,2413,Abata
61-6106573,HBQ6833,Industrial,FALSE,13,9481,Trudoo
19-4326020,MDZ4918,Books,FALSE,23,3025,Avaveo
21-7787654,OJA4732,Tools,TRUE,31,5779,Twiyo
98-7724789,YIJ3714,Tools,FALSE,41,665,Twitterworks
45-0370403,WTU2031,Tools,FALSE,44,9007,Eadel
13-6469724,LRB7987,Books,FALSE,45,4704,Skipstorm
58-3181832,OJF2189,Health,TRUE,50,5068,Oyope
97-7342584,HAU9378,Shoes,TRUE,20,5427,Wikizz
90-3893222,BBS2809,Electronics,TRUE,44,7394,Fadeo
28-6319179,RXR0741,Music,FALSE,15,2712,Gevee
61-4712137,EOV4396,Garden,FALSE,40,705,Bubbletube
05-8077890,ESS3113,Games,TRUE,11,7599,Cogibox
48-6807680,BWR5105,Automotive,FALSE,46,5081,Leenti
13-7899017,VTD7106,Industrial,FALSE,37,5196,Twinte
03-2045757,TXO8057,Tools,FALSE,15,4840,Oyoloo
26-3887900,GGM1990,Computers,TRUE,20,997,Skinte
04-8938968,VCO7512,Electronics,TRUE,41,6135,Oyoba
24-1785528,XEX4853,Books,TRUE,11,8265,Browsetype
85-1800144,VUN7955,Electronics,FALSE,35,6845,Dabtype
98-7692607,NJZ5476,Books,FALSE,11,4542,Rhycero
85-0566867,ZHK5897,Tools,TRUE,14,4412,Jabberstorm
11-9850763,UIR8662,Beauty,TRUE,39,2852,Realcube
79-7551035,LFA5624,Electronics,TRUE,35,6862,Oyoba
75-5370987,NIE2872,Home,FALSE,34,8159,Yozio
47-4766334,QDM3535,Garden,TRUE,22,3538,Teklist
33-6812612,DMT9611,Movies,FALSE,16,6809,Mynte
86-5393498,JIQ9861,Garden,TRUE,47,4639,Dabshots
11-4277974,CUE1795,Games,FALSE,12,6496,Gabtune
00-0955330,PJK6082,Home,TRUE,15,4161,BlogXS
81-3993616,GQN9051,Garden,FALSE,20,336,Wordify
38-3032511,UHN2676,Toys,FALSE,36,5295,Meetz
35-9693878,PLA5548,Health,FALSE,25,3411,Kwinu
17-5736484,HNF3756,Tools,TRUE,43,5685,Browsecat
61-1416856,GVC0650,Shoes,FALSE,49,6624,Browsetype
88-6081085,BRT3201,Health,FALSE,30,3747,Thoughtbeat
04-9229234,PHA5552,Sports,TRUE,37,1848,Skidoo
54-3314455,DDU7157,Toys,TRUE,18,6177,Lazz
19-1594311,XYS8397,Health,TRUE,31,2325,Gigaclub
61-0929597,LQL2791,Beauty,TRUE,17,3706,Vinte
96-4622022,JFC7548,Books,TRUE,28,8799,Brightbean
56-5529760,BCB1457,Tools,TRUE,10,525,Bubbletube
67-2250425,GON2934,Electronics,TRUE,14,536,Skinix
27-5148020,MSL2753,Computers,TRUE,10,4735,Skipstorm
07-5679736,DWT4601,Outdoors,FALSE,24,4197,Leenti
54-2360051,JXT7105,Music,FALSE,13,1454,Digitube
94-0093256,XDJ1187,Jewelry,TRUE,45,5820,Oyope
58-8197773,KUQ4452,Movies,TRUE,40,4113,Voonyx
93-3192642,RML5393,Health,FALSE,35,7832,Zava
99-6103823,QFT1512,Tools,FALSE,15,7770,Kwilith
91-7050227,HYE2556,Home,TRUE,38,6199,Livefish
66-0451572,HLE0959,Automotive,FALSE,23,8302,Janyx
02-9928802,VOO4593,Home,FALSE,37,3588,Cogidoo
52-0964652,GJM7145,Automotive,FALSE,13,7201,Agimba
64-7346810,RIR0348,Books,TRUE,33,1454,Photobug
52-3735746,OST3768,Music,FALSE,24,7510,Quinu
12-8927349,JRA5040,Movies,FALSE,20,8287,Realpoint
00-7033185,DNI0173,Home,FALSE,16,4392,Eare
14-3906039,GVZ5053,Kids,TRUE,42,9646,Eidel
36-3380296,YNM1171,Computers,TRUE,22,322,Aimbu
10-6825786,GNW2238,Movies,FALSE,26,1156,Leenti
35-8845662,XVS9170,Toys,FALSE,29,4494,Babbleset
76-7959338,TPX5634,Sports,TRUE,42,7574,Lajo
67-4142099,HEJ4464,Health,TRUE,39,3384,Youopia
67-8695871,JDQ8979,Garden,FALSE,20,3806,Centizu
08-0993079,ISK2195,Garden,TRUE,42,4604,Agivu
27-2653236,QWE8964,Movies,TRUE,15,7914,Kwimbee
24-5761090,GGT8167,Books,FALSE,20,7686,Browsebug
79-6070600,HIM4730,Books,FALSE,13,3966,Fiveclub
56-7956266,NUE3190,Health,FALSE,20,9710,Photospace
56-6605723,VUF2191,Tools,TRUE,12,8236,Skivee
05-4916634,FEP3970,Electronics,FALSE,13,6187,Pixoboo
96-8064323,NNH0215,Books,TRUE,25,1439,Tavu
25-0569853,NIS8424,Clothing,TRUE,32,6599,Buzzdog
82-5624790,VLU7734,Automotive,FALSE,18,5218,Skimia
39-8885657,SWC4205,Sports,TRUE,43,8285,Fatz
20-7643191,YMD5799,Shoes,TRUE,43,4802,Zazio
48-3602775,FOO8232,Kids,TRUE,28,8745,Topicware
00-4875418,GKN6458,Grocery,TRUE,23,5289,Vipe
47-7145251,SRN1262,Industrial,FALSE,17,9697,Quatz
54-2964055,TCF4721,Books,TRUE,21,7882,Jabberstorm
13-9956090,OCH5109,Games,FALSE,32,9296,Divavu
30-6000856,AEW6927,Outdoors,TRUE,47,1622,Zava
82-9002906,QQA9827,Kids,TRUE,30,1673,Eire
06-7481419,YPU6848,Outdoors,TRUE,42,2347,Npath
08-7955824,CAY0321,Movies,FALSE,13,4728,Twinte
17-8242440,QQG4465,Outdoors,TRUE,41,5151,Youbridge
39-0683226,YYU8577,Music,TRUE,26,8500,Gigaclub
08-7948901,FJK9572,Music,FALSE,17,7294,Reallinks
09-4828781,TUA5924,Grocery,TRUE,21,9979,Brightbean
30-8946803,WPO5672,Books,FALSE,24,2147,Centimia
44-5504365,YVL9182,Grocery,FALSE,11,3715,Voolia
86-8007098,FZX8910,Jewelry,TRUE,31,7441,Teklist
11-2244098,HCK7785,Movies,TRUE,38,1232,Camimbo
68-4162887,DDT5521,Tools,FALSE,12,5541,Tanoodle
96-5995351,AGS5596,Sports,FALSE,14,9416,Oozz
57-9463733,LOW9516,Grocery,FALSE,30,4402,Agivu
29-8688674,FSH7404,Garden,FALSE,42,2862,Dynava
19-5238166,UID3131,Sports,TRUE,12,8572,Izio
73-0482491,BHV9752,Electronics,TRUE,50,9625,Linkbuzz
23-4021790,QTX2046,Jewelry,TRUE,31,3184,Topdrive
54-3442715,ZWS1928,Automotive,FALSE,13,6451,Babbleblab
09-1390179,ZUY4891,Shoes,TRUE,41,2265,Yoveo
05-0685971,ODQ2469,Garden,FALSE,18,8732,Eare
11-8702461,EZA1446,Games,TRUE,37,5661,Ntags
70-8350591,EZX3765,Movies,TRUE,44,720,Eare
09-8258691,LUV3272,Movies,TRUE,38,9735,Zava
25-3337467,XVW3985,Movies,TRUE,25,668,Thoughtworks
50-8788434,MFQ4500,Computers,FALSE,41,7332,Shuffledrive
06-0670664,GIH0002,Grocery,FALSE,10,1480,Pixoboo
80-1481964,JCO8581,Movies,FALSE,45,642,Eazzy
32-9212775,RID9796,Beauty,TRUE,40,2428,Flashpoint
78-4463423,TJI6583,Computers,TRUE,19,7552,Zoomcast
97-0636442,MFB7501,Baby,TRUE,36,4237,Yabox
98-7179698,YCR8570,Grocery,TRUE,15,3865,Layo
56-7539556,HRJ6290,Clothing,FALSE,36,5976,Wikivu
40-9507541,FHJ0292,Grocery,FALSE,10,1816,Twitterbridge
16-9881143,HRV2437,Clothing,FALSE,46,9074,Jetpulse
91-1554741,XEP2063,Beauty,TRUE,17,2316,Wordware
89-5335986,TJM6203,Garden,FALSE,13,7503,Thoughtbeat
99-9626609,KFQ5765,Kids,TRUE,40,8492,Voonix
19-5298931,VWT3134,Games,TRUE,37,7944,Devbug
74-6456234,JFX9214,Jewelry,TRUE,39,2727,Eayo
46-6872928,MPV2995,Books,TRUE,46,1579,Fanoodle
44-5875599,PCG7213,Toys,FALSE,19,9102,Shufflebeat
61-5426866,PUC7195,Kids,FALSE,15,5960,Browsedrive
04-8149638,VSO2938,Home,TRUE,31,7627,Vidoo
87-4076538,ZTV1707,Electronics,FALSE,21,9010,Skalith
09-0442142,TCY9120,Tools,FALSE,31,6790,Feedspan
99-1375504,TIZ6227,Games,TRUE,36,7102,Eamia
49-9395104,GIN9503,Clothing,FALSE,34,5023,Podcat
77-3199860,EZL8736,Jewelry,FALSE,35,9484,Skilith
36-5329803,VJK4275,Automotive,TRUE,29,5831,Quinu
19-0317159,BES3895,Electronics,TRUE,27,8920,Thoughtblab
23-1756328,XDC8731,Health,TRUE,22,2615,Skinix
46-5487886,UWR5408,Clothing,FALSE,25,289,Jabberbean
88-4575057,MTC5010,Baby,FALSE,25,812,Blognation
26-4575483,NBF7192,Outdoors,TRUE,40,5809,Eadel
57-1702031,VJX2177,Books,FALSE,28,9459,Wordtune
77-5664622,FSQ4833,Shoes,FALSE,16,5987,Devpulse
76-7798570,FSF1383,Home,FALSE,30,9089,Fivebridge
47-1790455,CKG8278,Beauty,TRUE,47,1264,Miboo
93-0774280,JYO6202,Home,TRUE,44,1298,Tekfly
01-5552586,HGJ6923,Health,TRUE,32,7017,Demivee
50-0652573,LRQ3111,Health,FALSE,19,7042,Skipfire
08-8719285,URL1120,Music,FALSE,10,3934,Yadel
65-3773671,BVB6931,Outdoors,FALSE,12,3174,Gigabox
54-5931236,ULJ2197,Outdoors,TRUE,39,2942,Ozu
13-9612206,CZK3329,Toys,FALSE,24,979,Skyba
16-6628798,BDT2289,Books,FALSE,28,4756,Gabvine
91-7115767,HHJ3471,Outdoors,TRUE,11,4574,Realpoint
61-4066394,VKQ7249,Toys,TRUE,45,3835,Vipe
44-4490859,UWG6103,Shoes,FALSE,48,6282,Avamba
72-8599846,KWN7342,Music,TRUE,39,1533,Miboo
21-1563996,TGP7337,Music,FALSE,36,7080,Plambee
96-4396678,LHD1477,Music,FALSE,14,7376,Babbleopia
40-5302920,EDK2709,Baby,FALSE,17,5386,Abata
13-5654753,EOP1907,Outdoors,FALSE,40,8838,Thoughtsphere
46-3401731,CMJ8871,Grocery,FALSE,22,2180,Digitube
50-6416627,ELM2879,Music,TRUE,25,3433,Roodel
86-4634745,NZY8626,Sports,FALSE,26,9766,Voonder
51-7494843,AUJ2916,Jewelry,TRUE,23,2133,Bluezoom
25-0176328,SZO7583,Books,FALSE,50,8770,Meevee
72-2151464,OQU8258,Grocery,FALSE,45,5658,Jetwire
87-6423515,NBS9893,Games,TRUE,43,8811,Youbridge
65-2001459,SAQ6501,Grocery,FALSE,37,2197,Gabcube
36-5912369,HOO1480,Clothing,TRUE,11,645,Voonte
38-2563406,AVJ3933,Automotive,FALSE,17,8353,Skyvu
65-4514890,TEH2563,Games,FALSE,23,8986,Livefish
38-0868745,YXY1019,Sports,FALSE,34,1426,Yodoo
15-1886475,NLR2532,Automotive,TRUE,27,8233,Dynabox
31-0695508,BUC2039,Industrial,TRUE,40,9172,Pixoboo
03-3727000,KEI5453,Toys,FALSE,10,1091,Topicstorm
32-9528563,TXD7314,Industrial,FALSE,22,203,Photobug
24-4152715,DRB5145,Baby,TRUE,17,4241,Skinte
65-5757668,WTF2954,Games,TRUE,32,832,Shufflester
20-0825385,VBC6833,Games,FALSE,29,8337,Jabbersphere
28-7337695,TGS8956,Movies,FALSE,31,6713,Blogtags
84-9255072,PDP5668,Computers,FALSE,19,4093,Npath
44-3881539,ZUU9833,Industrial,TRUE,14,5042,Thoughtmix
84-6702750,KGR9290,Industrial,TRUE,44,1171,Eadel
65-4669313,DDP4994,Toys,FALSE,16,4871,Brainbox
14-5666485,IVK0387,Toys,FALSE,41,5221,Cogibox
72-0804200,PKO7911,Movies,FALSE,44,5916,Mudo
87-1795711,URI3639,Health,FALSE,48,3535,Ntag
99-4446848,KTN5192,Jewelry,FALSE,20,8296,Skalith
87-6039474,XQB3915,Shoes,FALSE,23,6433,Demimbu
17-9913699,FAN5395,Computers,FALSE,43,4596,Rhyzio
21-9181994,SGW1559,Games,FALSE,28,3255,Wikido
48-6329697,QDU0034,Clothing,TRUE,36,3148,Shufflebeat
47-0023484,BZD6208,Beauty,FALSE,21,271,Jaxspan
88-7154428,ARH7358,Music,FALSE,15,1583,Browsecat
81-2842245,MYK1687,Baby,FALSE,11,9162,Brightdog
66-4622532,ERG5662,Grocery,TRUE,25,9743,Kare
89-3371496,CWK4516,Tools,FALSE,10,2026,Livetube
51-8562287,CMU0421,Sports,TRUE,43,4514,Avamba
82-3673605,ARS7769,Music,FALSE,29,4397,Mydeo
57-8905087,YCO8585,Sports,FALSE,34,5448,Vitz
34-9314904,UCR3594,Movies,TRUE,17,3816,Bluejam
35-6413189,KRH9953,Tools,TRUE,15,3648,Katz
61-7624573,WOH1977,Jewelry,TRUE,16,5040,Skimia
38-4063007,ZUE7242,Tools,TRUE,24,3883,Kaymbo
45-0725662,HDP5075,Movies,FALSE,30,7837,Kazio
77-4430066,UEX7230,Automotive,TRUE,37,5698,Twitterlist
00-8547019,OGA0708,Electronics,TRUE,39,3614,Twimbo
02-7680059,DCO5027,Beauty,TRUE,36,1818,Wikizz
69-1407932,SWF3528,Movies,TRUE,36,1814,Jaxworks
63-3686041,GCQ1188,Books,TRUE,46,9168,Oozz
05-9691642,ARH4678,Jewelry,TRUE,44,5603,Blogtag
72-0561604,CAB5764,Games,FALSE,40,2472,Eimbee
82-5776327,OWM3844,Grocery,FALSE,11,7270,Babbleset
18-2333910,KJY5925,Health,TRUE,16,1057,Ailane
19-7750801,VEH9815,Grocery,TRUE,34,5772,Realmix
46-1617266,JYU3521,Computers,TRUE,25,5731,Realbuzz
48-3278146,QAU1251,Electronics,FALSE,13,4118,Chatterpoint
07-4432262,LCL2340,Kids,TRUE,36,6769,Photobug
27-2261560,NIA7308,Movies,TRUE,10,2368,Yodoo
06-5496598,ALT0485,Sports,TRUE,11,7752,Oloo
35-2328964,YML4832,Clothing,FALSE,33,9118,Dabvine
94-2738920,WEE4684,Home,FALSE,49,8395,Jabberstorm
27-2213004,FHX7858,Games,FALSE,14,7298,Tagpad
95-1532838,QIV3382,Health,FALSE,15,2743,Fliptune
49-0237571,DTT0900,Movies,FALSE,39,294,Devbug
80-5509985,ALX0248,Health,FALSE,15,2219,Omba
77-1303982,RAA4092,Computers,FALSE,37,5176,Podcat
89-1343588,RPX1193,Jewelry,FALSE,16,1081,Quatz
90-0821371,ABW5399,Beauty,TRUE,49,7369,Livepath
21-2897925,JLX1129,Tools,FALSE,19,6505,Browsecat
89-0700573,QSQ6902,Toys,FALSE,45,7796,Myworks
93-5280880,VQI8876,Garden,TRUE,18,7027,Thoughtsphere
42-9637832,DKV7595,Automotive,FALSE,12,7410,Bubblebox
24-6610044,JPF2043,Beauty,FALSE,31,1134,Quatz
88-2267046,HQA9363,Toys,FALSE,15,4766,Mita
66-8819328,QYU4535,Industrial,FALSE,21,3526,Lazz
56-4459098,JTM9828,Beauty,TRUE,50,8767,Trunyx
40-3564294,VQE6306,Books,FALSE,44,4237,Yakijo
51-7138566,UYI9972,Sports,FALSE,50,8234,Trudeo
54-2300404,TWW6652,Toys,FALSE,32,7217,Feednation
52-1314324,EBI1232,Computers,TRUE,31,6569,Demimbu
01-0734772,ZKM2726,Movies,TRUE,34,1623,Feednation
20-5796554,BIL4249,Industrial,FALSE,43,1718,Feedfish
82-8509748,SUQ4989,Shoes,FALSE,27,4246,Realblab
74-6881750,JLQ6447,Electronics,TRUE,12,1894,Skipstorm
72-1288409,HFP2905,Health,TRUE,34,6998,Dynabox
72-5122313,LJV9764,Jewelry,FALSE,18,2140,Mydo
29-3633859,EVP4867,Baby,TRUE,11,6749,Wikizz
62-3556714,CVR2516,Industrial,FALSE,45,5223,Voomm
68-4051251,TTL1851,Home,TRUE,15,7107,Chatterpoint
30-0112805,CSX3173,Games,TRUE,42,1898,Ooba
13-3167135,UVM7326,Beauty,TRUE,32,2552,Skinte
92-4689208,VZN7236,Kids,TRUE,41,5508,Oba
15-2312541,TRO8421,Electronics,FALSE,18,9819,Skiptube
03-1600679,TOD8070,Books,TRUE,24,5718,Jabbersphere
11-4225788,RVZ3658,Health,TRUE,45,3816,Centimia
31-5453888,OAB4587,Outdoors,FALSE,13,5684,Skipfire
74-5411440,VDA8191,Baby,FALSE,19,1019,Babbleblab
08-8087952,TNW2358,Clothing,FALSE,14,4762,Meemm
03-2042120,VBI7522,Electronics,FALSE,18,222,Blogspan
21-1143989,YNY2432,Home,TRUE,21,3149,Yakijo
37-1658466,GFQ6753,Games,FALSE,18,5307,Mydo
33-0595438,NWQ8846,Games,FALSE,44,7097,Yombu
11-4360208,XWR6788,Clothing,FALSE,36,5973,Twitterbridge
33-4490224,POT4738,Computers,TRUE,41,8042,Devpoint
54-7393512,WGT4829,Sports,FALSE,50,4970,Quinu
68-4829674,OSA0283,Toys,FALSE,48,7229,Ainyx
22-0132086,LLO3591,Tools,FALSE,15,2265,Kare
04-7513199,HHS5336,Baby,FALSE,45,6111,Ailane
07-5666176,MPD8041,Sports,TRUE,16,4416,Fivespan
53-5400871,UOD1820,Grocery,TRUE,32,9823,Blogtags
18-5376426,IIK5799,Tools,FALSE,28,682,Voomm
66-6406647,MEY0731,Home,TRUE,23,6576,Roomm
37-5584631,SWM4794,Games,FALSE,31,6911,Gabtype
88-4112968,ILU2642,Tools,FALSE,32,8786,Zoombox
69-5003952,BSH4610,Shoes,TRUE,41,8769,Jabberstorm
62-5184591,YMZ3645,Music,FALSE,25,8920,Linktype
20-0690213,SIK6114,Industrial,TRUE,29,7927,Aimbu
67-8290719,REW5430,Games,TRUE,12,2228,Youbridge
65-5258543,WMQ3594,Baby,TRUE,12,2813,Abatz
98-5492874,WUO0648,Movies,TRUE,33,4760,Yombu
51-0725515,WNJ1134,Automotive,FALSE,20,1610,Kwinu
81-0865514,EVE8876,Movies,TRUE,43,6317,Rhyloo
91-9627755,QDX2002,Baby,TRUE,45,517,Flipopia
86-6595632,LEW4155,Computers,FALSE,45,7240,Vinder
08-6082414,NEG1487,Clothing,FALSE,11,3861,Realbuzz
21-4522222,FUM7839,Baby,FALSE,19,7903,Kimia
83-0396965,FWC7302,Movies,TRUE,39,9358,Devbug
08-2980969,TLX0931,Automotive,TRUE,48,4520,Topicware
38-2974985,NIR3945,Shoes,TRUE,43,6227,Divape
88-1765006,OXK3413,Kids,TRUE,39,9886,Youopia
60-7431601,OPT8170,Music,TRUE,13,7533,Gabcube
30-2757266,JKL0133,Computers,TRUE,25,8363,Snaptags
79-6117952,MXB2561,Books,FALSE,30,2666,Fadeo
34-7421049,TXL9825,Automotive,FALSE,13,647,Jaxworks
38-1407685,KWO0621,Shoes,TRUE,43,8845,Babbleopia
02-4824234,ATF8925,Home,FALSE,25,8396,Lazz
56-2000852,RQC8880,Jewelry,TRUE,40,5582,Fadeo
01-7051234,WRA7334,Beauty,TRUE,19,8505,Voomm
78-2023444,LJF6043,Music,FALSE,41,3725,Tavu
70-4841395,UTB1711,Sports,TRUE,42,3850,Eare
75-9889460,KAH8510,Books,FALSE,30,5459,Skinte
49-8038437,DHC5199,Movies,TRUE,46,8655,Rhybox
08-6168867,BGC2747,Games,TRUE,29,6935,Agivu
55-3231171,OIG6529,Tools,FALSE,28,8583,Skiba
52-4296349,XUC7208,Computers,TRUE,24,5749,Talane
49-1038118,RUR1421,Baby,TRUE,15,3169,Flipopia
38-2447575,LUI9476,Tools,TRUE,18,9733,Avamm
46-1861789,TPJ3471,Kids,TRUE,36,8924,Zoonder
75-5735213,QUV7427,Automotive,TRUE,33,4931,Trilia
78-5051375,SOP9190,Shoes,FALSE,13,6077,Tanoodle
17-8015526,XOG9334,Clothing,TRUE,10,1034,Tagchat
22-2330609,TZW8028,Tools,FALSE,44,536,Aimbo
45-8799969,OOG7286,Toys,TRUE,22,6402,Dabtype
69-2366504,JHH5418,Beauty,FALSE,39,1615,Jayo
19-9209016,PZG8785,Garden,FALSE,30,2211,Demivee
78-2477916,NEY7756,Games,FALSE,23,4593,Dynabox
20-4764783,CKA9287,Music,TRUE,43,2982,Dynava
44-1055676,JQO5167,Industrial,TRUE,11,9696,Divavu
43-9458212,AVA1263,Industrial,TRUE,35,568,Cogidoo
14-7334472,HXI4000,Movies,FALSE,47,1706,Fiveclub
92-9555523,PMI5540,Automotive,FALSE,30,8753,Flashset
29-5171006,OIG7589,Home,FALSE,47,1427,Rhynoodle
69-0542433,XZN8587,Books,FALSE,26,1923,Buzzbean
00-4044589,LIV1182,Books,FALSE,27,9746,Photolist
04-2238235,SWQ7514,Clothing,FALSE,35,7293,Shufflester
66-1674869,PCS1970,Automotive,FALSE,46,7310,Vipe
44-6463693,AUR5222,Beauty,FALSE,26,9693,Aimbu
56-1764816,KNI7143,Health,TRUE,25,4464,Wordware
15-9850946,FFZ0350,Kids,FALSE,44,7359,Yamia
17-1770677,JET9234,Electronics,FALSE,23,579,Voomm
94-3780026,NUQ7106,Outdoors,FALSE,35,239,Flipopia
28-9879172,MWW8108,Garden,FALSE,31,1371,Agimba
95-0075437,NRS9393,Computers,TRUE,36,1259,Eabox
83-4770012,TSH6572,Computers,TRUE,31,2931,Avaveo
99-1654391,ZLJ0804,Movies,TRUE,49,3724,Topiczoom
79-3295817,FGV5953,Industrial,TRUE,24,5610,Livepath
58-7452338,SGC9580,Home,TRUE,41,3092,Meedoo
16-4408481,EIQ5543,Garden,TRUE,37,9355,Wikido
68-3775669,XLG7158,Health,TRUE,30,3372,Zoovu
97-1847071,UAW7232,Games,FALSE,21,4461,Eidel
73-2335301,RHW0716,Automotive,TRUE,44,8614,Jabbercube
97-1585715,FNQ0191,Electronics,FALSE,22,2454,Camimbo
92-6143097,GFH9827,Clothing,FALSE,31,1650,Feedfish
85-9995969,EJV1746,Clothing,TRUE,22,9099,Yakijo
66-4573100,XLX8061,Electronics,TRUE,23,1282,Realcube
32-6180333,POQ0205,Electronics,TRUE,31,2791,Tavu
83-2689664,RTB1752,Sports,FALSE,35,6937,Demimbu
26-9332043,ZZD7011,Shoes,TRUE,18,1009,Gabcube
77-9070032,OZI9596,Jewelry,TRUE,46,1395,Brightdog
13-8111561,VXT5007,Toys,FALSE,40,6689,Tavu
11-8710522,WWZ3697,Shoes,FALSE,42,1768,Youtags
81-1494773,RPR4770,Computers,FALSE,10,5396,Ntags
91-8040867,PBI2289,Games,TRUE,27,5472,Skinder
72-6338608,XSF3950,Beauty,FALSE,11,8598,Feedbug
88-5632013,ZBU9785,Sports,TRUE,26,615,Buzzbean
31-3521550,HHR6708,Sports,TRUE,23,6935,Mymm
80-2262234,OUP4281,Tools,FALSE,20,7742,Jetpulse
62-0438276,JTK5870,Jewelry,TRUE,19,3193,Livepath
77-9842062,DKE6696,Jewelry,TRUE,15,8060,Trupe
74-6016956,IBM9290,Music,TRUE,32,8468,Jayo
23-0330192,BGB8245,Garden,TRUE,29,1801,Zoombeat
36-9910615,DKN6180,Home,FALSE,30,3520,Browsedrive
92-7206321,PZR1133,Jewelry,FALSE,32,9043,Oloo
62-4614784,OWA3653,Beauty,TRUE,35,7090,Ntag
70-0601694,XRM2425,Garden,TRUE,35,1044,Thoughtsphere
97-6572143,XBX9979,Tools,FALSE,15,2151,Edgewire
35-3340747,EYC4968,Baby,FALSE,38,7893,Skivee
86-0249973,OUO9125,Grocery,TRUE,18,1876,Zoonder
11-7418265,EEM6630,Home,FALSE,17,8073,Yakidoo
14-6574106,TGZ2302,Computers,TRUE,27,836,Rooxo
28-6306891,CBS2115,Garden,FALSE,35,6927,Browseblab
24-4215928,IVP4278,Health,FALSE,14,2792,Kwilith
36-1839167,BKL1175,Baby,FALSE,25,3585,Riffpedia
85-4200866,VQV9688,Jewelry,TRUE,42,3648,Myworks
51-5134336,YZL9153,Garden,TRUE,34,2448,Dabtype
47-5212598,IKN9791,Toys,TRUE,30,7910,Kwilith
16-0691550,PWX8989,Automotive,FALSE,35,7113,Dablist
60-7976992,DDU3851,Grocery,FALSE,36,7080,Rhybox
30-8757014,PTP7915,Health,FALSE,42,3708,JumpXS
73-0181038,UQV4975,Automotive,TRUE,34,4100,Browsecat
54-6706449,QCR5869,Automotive,FALSE,14,5009,Edgetag
22-6007995,QEK7198,Games,TRUE,37,656,Einti
30-0473316,HGH7562,Computers,TRUE,23,2810,Yakitri
22-1762054,HXX3463,Grocery,TRUE,19,6049,Thoughtstorm
92-1076585,UMZ9700,Beauty,FALSE,45,8563,Wikivu
22-4232414,FUA5596,Clothing,TRUE,17,5277,Eamia
04-1775208,PLG4134,Games,FALSE,12,8111,Tagchat
87-9924807,SUO5956,Garden,TRUE,29,1348,Yodoo
30-2721736,ZUT8368,Toys,TRUE,43,4110,Zoomlounge
59-7826093,KLS2968,Tools,FALSE,15,6835,Livepath
31-9921842,STV3486,Outdoors,TRUE,50,6689,Mymm
19-7604915,VKZ4443,Toys,TRUE,14,1881,Tazz
87-3534750,XYN0598,Electronics,TRUE,28,9533,Jamia
50-0583695,NJN1910,Shoes,TRUE,19,384,Talane
81-6639572,OGE8193,Clothing,FALSE,14,4918,Gabcube
57-7481939,RYW6874,Tools,TRUE,12,2156,Twitterbeat
66-7708733,XPB4055,Kids,FALSE,46,2692,Oloo
41-3091466,JNN3951,Clothing,TRUE,45,1199,Fiveclub
65-8313788,JWJ8096,Beauty,TRUE,33,5603,Brainlounge
60-2246533,LLW3308,Health,TRUE,16,9942,Lajo
35-3047209,ZIY1257,Computers,FALSE,50,1790,Flashset
53-2656474,LRV5091,Sports,FALSE,50,9722,InnoZ
66-5678523,CQR1746,Garden,TRUE,39,5063,Skynoodle
99-4097358,WGL7489,Shoes,FALSE,13,3301,Quamba
50-4257207,SRZ8547,Music,TRUE,21,387,Thoughtmix
71-8673089,QUM5850,Garden,TRUE,49,9775,Kamba
75-3557920,VUK0442,Books,FALSE,40,9939,Rhycero
15-6148293,XLD4741,Clothing,TRUE,28,8656,Yakidoo
81-8911269,OGK7504,Jewelry,TRUE,35,7769,Viva
54-3756204,WRJ4233,Games,FALSE,32,3426,Yadel
14-0703941,FYU6682,Garden,TRUE,24,2316,Eayo
39-8262674,TPC2573,Home,FALSE,50,2142,DabZ
11-9015913,HKT2128,Beauty,TRUE,16,5709,Mita
57-7430314,JKO1628,Outdoors,TRUE,13,1959,Oyoloo
72-9634783,OHU7844,Beauty,FALSE,35,5562,Photobug
98-4714660,LQO6620,Industrial,TRUE,14,1128,Quinu
62-2382060,KJF3555,Baby,TRUE,34,6872,Photobug
38-2470215,NTL7714,Clothing,FALSE,43,3829,Riffpedia
92-8675775,EMM4276,Tools,TRUE,40,5217,Yadel
98-0396500,SXO1870,Sports,TRUE,18,352,Topicblab
86-4471610,WIT6992,Tools,TRUE,48,9972,DabZ
23-3081774,YJG8558,Electronics,TRUE,28,9104,Kaymbo
39-0711449,PTA3869,Toys,FALSE,49,6561,Flashpoint
10-6928165,UIB7134,Beauty,FALSE,12,4787,Yambee
98-6306646,XTF7587,Shoes,TRUE,34,6848,Jaxworks
25-7701705,OTK7178,Clothing,FALSE,31,1103,Viva
62-2146664,LCO0682,Books,TRUE,22,8833,Tavu
34-4528765,XWE4671,Automotive,TRUE,37,756,Npath
17-0965731,WSB5967,Automotive,FALSE,44,4650,Devpulse
97-2046960,LHM6888,Grocery,TRUE,47,3332,Roombo
60-7314000,MRW3237,Home,TRUE,18,4607,Tanoodle
35-3289217,GRA9116,Clothing,TRUE,11,1318,LiveZ
22-0326432,CAR3507,Clothing,FALSE,28,6215,Thoughtbeat
35-7128760,DNG2634,Grocery,TRUE,10,6981,JumpXS
61-5569016,HVG6795,Health,TRUE,50,399,Realcube
49-1909225,MSU9356,Kids,FALSE,50,7673,Kamba
86-0575989,WZK0089,Books,FALSE,13,7346,Demizz
90-6560142,ZZX8999,Movies,TRUE,10,277,Abatz
51-3824426,CGG5835,Health,TRUE,23,8572,Quinu
70-7091607,FGZ2048,Movies,TRUE,43,9439,Innotype
51-7168597,KLY2050,Health,TRUE,42,1018,Skinder
66-4675268,SHW5433,Books,TRUE,18,8992,Zoomlounge
06-7950055,UWK2610,Tools,FALSE,10,3784,Oyondu
30-3720513,SGQ3303,Jewelry,FALSE,48,7136,Edgewire
15-9504401,LPD7820,Shoes,TRUE,32,9967,Wordtune
03-7454717,ZOQ7198,Shoes,TRUE,40,4403,Browsecat
11-1031129,INN0365,Games,FALSE,33,5027,Browseblab
44-0632767,NLS4302,Industrial,TRUE,17,1019,Kazu
05-7852403,XGJ4564,Garden,FALSE,20,5940,Tagpad
49-6122130,HBD8543,Garden,FALSE,30,8240,Gigashots
41-8608803,SNH9855,Tools,TRUE,39,4654,Realmix
70-3653330,UGS6191,Electronics,FALSE,10,986,Riffpath
92-4079698,BPU6275,Health,FALSE,41,4728,Kazio
96-1081492,DYP6284,Tools,TRUE,46,8125,Meembee
08-7436001,IQR0126,Industrial,TRUE,27,9627,Avamba
46-3446038,DSI7383,Jewelry,TRUE,19,8917,Gigabox
34-2884952,OQW1509,Garden,FALSE,41,9995,Skipfire
86-5393658,GAP0694,Clothing,TRUE,39,2256,Dablist
06-7661446,SDB6770,Electronics,FALSE,35,3311,Katz
88-2411445,RBV2128,Computers,FALSE,46,1154,Skidoo
74-7943453,XEV4857,Sports,TRUE,41,6564,Ailane
38-8644225,QQM5172,Music,TRUE,38,4598,Voonix
68-9774505,OJH3358,Grocery,FALSE,18,7254,Vipe
26-9041367,MEB2425,Home,TRUE,35,3698,Devcast
46-6908625,KOG8095,Movies,TRUE,18,6527,Chatterpoint
60-3791117,LQL8970,Beauty,FALSE,46,8979,Yambee
77-8458292,FIY9830,Toys,FALSE,18,9580,Gabtune
53-7122481,VAJ4621,Sports,FALSE,38,9897,Wikivu
93-7375822,FDZ0194,Music,FALSE,37,362,Brainverse
58-1775914,NDZ9221,Toys,FALSE,36,1095,Thoughtstorm
62-9662991,OMD5245,Jewelry,FALSE,34,5431,Quimm
86-4793860,NLF6638,Toys,TRUE,37,4239,Snaptags
67-0427252,WSY1563,Industrial,FALSE,26,4711,Tagpad
77-5753886,WCC5509,Garden,FALSE,13,9419,Livepath
45-9812221,YVT3209,Computers,TRUE,11,1204,Dazzlesphere
97-5882780,QHZ3105,Kids,TRUE,29,6857,Flashset
61-8301228,FTP1088,Games,FALSE,36,2650,Tazzy
01-5929474,SZN2439,Kids,FALSE,32,8777,Dynava
05-0081408,FHZ2452,Books,TRUE,30,1452,Thoughtstorm
92-2410249,FSX2183,Games,TRUE,11,4376,Jazzy
68-0617822,DWH2496,Games,TRUE,49,7943,Jabberstorm
07-5333797,UCU0372,Outdoors,TRUE,45,4191,Livepath
19-5495387,EOT9538,Books,FALSE,20,9371,Twiyo
92-4170507,WVR7304,Industrial,FALSE,32,3457,Zoomcast
54-9376611,MVL1974,Garden,TRUE,35,5840,Skaboo
30-2824529,AFG9983,Games,FALSE,12,5755,Gigaclub
88-9802412,DXD6216,Shoes,FALSE,32,2884,Feedmix
59-9526618,GLW6465,Garden,FALSE,26,6227,Eamia
71-2488318,FDM5997,Grocery,FALSE,39,8220,Ozu
45-4444196,MJF5946,Kids,TRUE,37,3876,Fivechat
97-0360968,NPB6271,Home,FALSE,16,5572,Twitterbeat
35-8630487,YLA4929,Garden,TRUE,28,6684,Mynte
91-2540342,AQR4445,Tools,FALSE,25,4833,Voolia
98-2890115,WUT8482,Home,FALSE,24,3460,Feedmix
31-9264222,FIP0280,Garden,TRUE,50,4804,Jabbersphere
06-3153821,WYS7301,Kids,FALSE,19,466,Meezzy
18-1390473,KZT2902,Music,TRUE,37,410,Miboo
03-9151484,UIT2988,Tools,TRUE,11,1550,Divanoodle
12-6446224,MBP3318,Movies,FALSE,20,8932,Rhycero
77-1465454,VQJ2919,Home,TRUE,22,6800,Flipstorm
08-4182237,ZZA1277,Books,TRUE,30,5662,Roomm
24-8333620,CLZ0194,Baby,FALSE,10,6971,Gigabox
02-8144983,POZ4752,Industrial,FALSE,17,6829,Blognation
43-4912436,DRE9918,Tools,FALSE,40,2765,Dabtype
28-0893655,VLQ7950,Clothing,TRUE,29,8415,Oodoo
03-6717451,RXO9295,Health,TRUE,33,7440,Meembee
96-3294936,HDQ3257,Jewelry,TRUE,35,9908,Tavu
19-0354440,LXG3867,Computers,TRUE,47,6055,Divanoodle
61-8054598,EQD6392,Grocery,FALSE,49,4817,Ntag
83-0979465,AQH0557,Industrial,FALSE,47,7656,Realmix
09-7750176,CUB0932,Outdoors,TRUE,45,7855,Yambee
23-5361549,ZXI5592,Clothing,TRUE,12,1056,Omba
08-1358775,UBU8855,Games,TRUE,27,1548,Oozz
05-5799678,ZYZ7132,Jewelry,FALSE,20,2511,Riffwire
03-1174419,QLN4266,Music,TRUE,11,6969,Fivespan
81-0591753,SBN2835,Games,TRUE,33,1839,Tagchat
35-8630487,QZM9356,Sports,FALSE,37,6663,Feednation
91-2540342,CKU1542,Sports,TRUE,45,2357,Camido
98-2890115,MDQ3956,Garden,FALSE,28,5902,Gevee
